Course,Section,Faculty,Day,Time
ACT201,1,NNh,MW,0100PM0230PM
ACT201,2,RNH,MW,0100PM0230PM
ACT201,3,TkS,MW,0100PM0230PM
ACT201,4,RNH,MW,0240PM0410PM
ACT201,5,RMH1,MW,0800AM0930AM
ACT201,6,RMH1,MW,0940AM1110AM
ACT201,7,TsA,ST,0100PM0230PM
ACT201,8,MGR,ST,0240PM0410PM
ACT201,9,SaT,ST,0240PM0410PM
ACT201,10,Sbr,ST,0800AM0930AM
ACT201,26,KHT,ST,1120AM1250PM
ACT201,27,AhU,MW,0420PM0550PM
ACT201,28,KSR,RA,0800AM0930AM
ACT201,29,Aru,ST,0420PM0550PM
ACT201,30,Sys,MW,0800AM0930AM
ACT202,1,Rby,ST,1120AM1250PM
ACT202,2,Sys,MW,0100PM0230PM
ACT202,3,TsA,MW,0100PM0230PM
ACT202,4,Rkb,MW,0240PM0410PM
ACT202,5,TsA,MW,0240PM0410PM
ACT202,6,Sbr,MW,0800AM0930AM
ACT202,7,Rkb,MW,0940AM1110AM
ACT202,8,Sbr,MW,0940AM1110AM
ACT341,1,AhU,RA,0240PM0410PM
ACT410,1,MRe,MW,1120AM1250PM
ACT410,2,TkS,ST,0100PM0230PM
ACT431,1,AhU,RA,0420PM0550PM
ANT101,1,BSq,MW,1120AM1250PM
ANT101,2,BSq,RA,0940AM1110AM
ANT101,3,MHR3,MW,0240PM0410PM
ANT101,4,TZf,ST,0240PM0410PM
ANT101,5,NN,ST,0800AM0930AM
ARC121,2,Siu,ST,0940AM1250PM
ARC122,1,HUR,ST,0940AM1250PM
ARC122,2,SnF,ST,0940AM1250PM
ARC123,1,AHs1,ST,0940AM1250PM
ARC123,2,AHs1,MW,0940AM1250PM
ARC131,1,FAR,ST,0940AM1110AM
ARC131,2,AHN2,MW,0420PM0550PM
ARC131,3,STS3,MW,0940AM1110AM
ARC133,1,RMY,M,0800AM0930AM
ARC133,2,RMY,W,0800AM0930AM
ARC200,1,Mun,R,0940AM1250PM
ARC200,2,FAR,M,0210PM0410PM
ARC200,3,Mun,R,0100PM0410PM
ARC241,1,SqR,ST,0940AM1110AM
ARC242,1,SIK3,MW,1120AM1250PM
ARC251,1,IsH,ST,0420PM0550PM
ARC262,1,Siu,ST,1120AM1250PM
ARC263,1,Mfn,ST,1120AM1250PM
ARC264,1,KTM,R,0800AM0930AM
ARC271,1,SnF,MW,0940AM1110AM
ARC272,1,Mun,MW,1120AM1250PM
ARC272,2,SqR,ST,1120AM1250PM
ARC273,1,Kdi,M,0940AM1250PM
ARC281,1,SbC,R,0940AM1250PM
ARC283,1,FA2,MW,0420PM0550PM
ARC310,1,IsH,MW,0940AM1250PM
ARC324,1,MKu,ST,0940AM1250PM
ARC334,1,AHs1,W,0420PM0550PM
ARC344,1,HUR,T,0800AM0930AM
ARC384,1,FA2,R,0100PM0410PM
ARC410,1,ALS,MW,1120AM1250PM
ARC437,1,hur,M,0940AM1110AM
ARC445,1,SIK3,M,0940AM1110AM
ARC456,1,FAR,ST,0420PM0550PM
ARC474,1,Mfn,ST,0420PM0550PM
ARC500,1,HUR,R,1120AM1250PM
ARC535,1,ISH,W,0940AM1110AM
ARC576,1,RMY,ST,0420PM0550PM
BBT101,2,ACh,ST,0240PM0410PM
BBT101,3,ACh,MW,0240PM0410PM
BBT201/CHE201,1,MH1,MW,1120AM1250PM
BBT201/CHE201,2,MH1,MW,0100PM0230PM
BBT201/CHE201,4,MKr,MW,0240PM0410PM
BBT202,1,MSH3,ST,0100PM0230PM
BBT202,2,MSH3,MW,0100PM0230PM
BBT203/BBT230,1,MNU1,ST,1120AM1250PM
BBT203/BBT230,2,MNU1,MW,1120AM1250PM
BBT204,1,MSH3,ST,0800AM0930AM
BBT206,1,KNH,MW,1120AM1250PM
BBT207/BBT221,1,ZAB,MW,0100PM0230PM
BBT207/BBT221,2,ZAB,ST,0100PM0230PM
BBT208,1,CAK,RA,0100PM0230PM
BBT209,1,Klq,RA,0240PM0410PM
BBT210,1,Klq,RA,0240PM0410PM
BBT301,1,Sdl,ST,0940AM1110AM
BBT303/BBT316,1,KNH,MW,0240PM0410PM
BBT304,1,CAK,ST,0240PM0410PM
BBT305,1,KRC,MW,0940AM1110AM
BBT308,1,CAK,RA,0240PM0410PM
BBT309,1,KRC,ST,0940AM1110AM
BBT311,1,Klq,RA,0940AM1110AM
BBT312,1,MSH3,ST,0800AM0930AM
BBT314,1,KNH,MW,1120AM1250PM
BBT314L,1,ACh,ST,0940AM1110AM
BBT314L,2,AIq,RA,1120AM1250PM
BBT315,1,ZAB,MW,0940AM1110AM
BBT335,1,KRC,MW,1120AM1250PM
BBT403,1,CAK,MW,1120AM1250PM
BBT404,1,KNH,ST,1120AM1250PM
BBT405/BBT416/MIC311,1,Mqn,MW,1120AM1250PM
BBT406,1,CAK,MW,0240PM0410PM
BBT410/BBT425,1,HiM,RA,0100PM0230PM
BBT413,1,CAK,MW,1120AM1250PM
BBT415,1,KRC,ST,0940AM1110AM
BBT419,1,ZAB,MW,0420PM0550PM
BBT421,1,KNH,ST,1120AM1250PM
BBT423,1,CAK,MW,0240PM0410PM
BBT491,1,Klq,RA,0800AM0930AM
BBT499,1,KNH,ST,0800AM0930AM
BBT499,2,Klq,ST,0800AM0930AM
BBT499,3,Mqn,MW,0420PM0550PM
BBT499,5,CAK,RA,0420PM0550PM
BBT601,1,ZAB,S,0600PM0910PM
BBT608,1,Awn,W,0600PM0910PM
BBT615,1,IqM,M,0600PM0910PM
BBT630,1,CqA,T,0600PM0910PM
BBT671,1,Muz,F,0900AM1230PM
BBT685,1,Mqn,S,0600PM0910PM
BBT695,1,HiM,R,0600PM0910PM
BBT701,1,TBA,ST,0800AM0930AM
BBT701,3,TBA,ST,0420PM0550PM
BBT701,4,Mqn,R,0100PM0230PM
BEN205,1,Rme,ST,0800AM0930AM
BEN205,2,Rme,ST,0420PM0550PM
BEN205,4,Rme,MW,0240PM0410PM
BEN205,5,Snj,ST,0100PM0230PM
BEN205,6,Snj,ST,0240PM0410PM
BEN205,7,MAz1,RA,0800AM0930AM
BEN205,8,MAz1,RA,0940AM1110AM
BEN205,9,NCM,RA,0800AM0930AM
BEN205,10,NCM,RA,0940AM1110AM
BEN205,11,NCM,RA,1120AM1250PM
BEN205,12,DnH,RA,1120AM1250PM
BEN205,13,NCM,RA,0240PM0410PM
BEN205,14,HBa,RA,0240PM0410PM
BEN205,15,HBa,RA,0420PM0550PM
BEN205,17,ADy,MW,0420PM0550PM
BEN205,19,TMz,RA,0940AM1110AM
BEN205,20,RKT,MW,0240PM0410PM
BEN205,21,RKT,MW,0420PM0550PM
BEN205,22,FrA3,RA,0940AM1110AM
BEN205,23,FrA3,RA,0100PM0230PM
BEN205,24,TMz,RA,1120AM1250PM
BIO103,1,MNU1,ST,0800AM0930AM
BIO103,2,SKK,ST,0940AM1110AM
BIO103,4,SKK,ST,0100PM0230PM
BIO103,5,KNH,ST,0240PM0410PM
BIO103,6,MjH1,ST,0240PM0410PM
BIO103,7,AIq,ST,0420PM0550PM
BIO103,9,AMK3,MW,0800AM0930AM
BIO103,11,SKK,MW,0940AM1110AM
BIO103,13,ACR,MW,0240PM0410PM
BIO103,14,AIq,MW,0420PM0550PM
BIO103,15,ZaF,MW,0420PM0550PM
BIO103,17,APz,RA,0940AM1110AM
BIO103,18,LtB,RA,0940AM1110AM
BIO103,19,MjH1,RA,1120AM1250PM
BIO103,20,LtB,RA,1120AM1250PM
BIO103,21,MjH1,RA,0100PM0230PM
BIO103,23,MjH1,RA,0240PM0410PM
BIO103L,1,JSJ,R,0940AM1250PM
BIO103L,2,JSJ,R,0940AM1250PM
BIO103L,3,JSJ,A,0940AM1250PM
BIO103L,5,JSJ,S,0110PM0500PM
BIO103L,6,JSJ,T,0110PM0500PM
BIO103L,7,MjH1,S,0940AM1250PM
BIO103L,8,MjH1,S,0940AM1250PM
BIO103L,9,SFA2,S,0940AM1250PM
BIO103L,10,Klq,M,0940AM1250PM
BIO103L,11,Klq,M,0940AM1250PM
BIO103L,12,Klq,M,0940AM1250PM
BIO103L,13,SKK,W,0110PM0500PM
BIO103L,14,SKK,W,0110PM0500PM
BIO103L,15,SKK,W,0110PM0500PM
BIO103L,16,SFA2,R,0110PM0500PM
BIO103L,17,SFA2,R,0110PM0500PM
BIO103L,19,CAK,T,0940AM1250PM
BIO103L,20,CAK,T,0940AM1250PM
BIO201,1,MSH3,MW,0800AM0930AM
BIO201,2,ACh,ST,0240PM0410PM
BIO201,3,ACh,MW,0240PM0410PM
BIO201L,1,ACh,RA,0940AM1110AM
BIO201L,2,ACR,ST,0100PM0230PM
BIO201L,3,MjH1,MW,0100PM0230PM
BIO202L,1,SRS1,RA,1120AM1250PM
BIO202L,2,SRS1,RA,1120AM1250PM
BIO202L,3,SRS1,RA,1120AM1250PM
BSC201,1,AK,RA,0100PM0230PM
BUS112,1,KMz,ST,0240PM0410PM
BUS112,3,Swk,RA,0240PM0410PM
BUS112,4,Swk,RA,0420PM0550PM
BUS112,5,REK,RA,0800AM0930AM
BUS112,6,REK,RA,0940AM1110AM
BUS112,7,HSf,RA,0940AM1110AM
BUS112,8,HSf,RA,1120AM1250PM
BUS112,9,AdS1,RA,0940AM1110AM
BUS112,10,AdS1,RA,1120AM1250PM
BUS112,11,AgK,RA,0940AM1110AM
BUS112,12,AgK,RA,1120AM1250PM
BUS112,13,HKD,RA,1120AM1250PM
BUS112,14,HKD,RA,0100PM0230PM
BUS112,15,MHK3,RA,0100PM0230PM
BUS112,17,Thr,RA,0240PM0410PM
BUS135,1,SMS1,ST,0940AM1110AM
BUS135,2,MJL,ST,0100PM0230PM
BUS135,3,SMS1,ST,0100PM0230PM
BUS135,4,MJL,ST,0420PM0550PM
BUS135,5,JrA,MW,0240PM0410PM
BUS135,6,Sfd,RA,1120AM1250PM
BUS135,7,INz,RA,1120AM1250PM
BUS135,8,Sfd,RA,0420PM0550PM
BUS135,9,Sfd,RA,0240PM0410PM
BUS135,10,INz,RA,0240PM0410PM
BUS135,11,MAU3,RA,0800AM0930AM
BUS172,1,TkN,ST,0800AM0930AM
BUS172,3,Ift,MW,0800AM0930AM
BUS172,4,MHM,MW,0940AM1110AM
BUS172,5,ACD,MW,0940AM1110AM
BUS172,6,AMj,MW,0940AM1110AM
BUS172,7,KMn,MW,0100PM0230PM
BUS172,8,Azd,MW,0240PM0410PM
BUS172,9,Sqm,MW,0420PM0550PM
BUS172,10,AM2,MW,0420PM0550PM
BUS172,11,MMs1,RA,0800AM0930AM
BUS172,12,MRM2,RA,0940AM1110AM
BUS172,13,Hdo,RA,0940AM1110AM
BUS172,14,AbS,RA,1120AM1250PM
BUS172,15,MMs1,RA,1120AM1250PM
BUS172,17,NMR1,RA,0100PM0230PM
BUS172,18,MRM2,RA,0100PM0230PM
BUS172,19,Hdo,RA,0100PM0230PM
BUS172,20,AbS,RA,0240PM0410PM
BUS172,21,MSA3,RA,0240PM0410PM
BUS172,22,AbS,RA,0420PM0550PM
BUS173,1,AM2,ST,0420PM0550PM
BUS173,2,TkN,MW,0940AM1110AM
BUS173,3,SMS1,MW,0940AM1110AM
BUS173,4,TkN,MW,0100PM0230PM
BUS173,5,MJL,MW,0100PM0230PM
BUS173,6,SMS1,MW,0100PM0230PM
BUS173,7,MAt,MW,0240PM0410PM
BUS173,9,MAt,MW,0420PM0550PM
BUS173,10,KMn,MW,0420PM0550PM
BUS173,11,Azd,MW,0420PM0550PM
BUS173,13,Min,RA,0800AM0930AM
BUS173,14,IAM,RA,0800AM0930AM
BUS173,15,JHK,RA,0800AM0930AM
BUS173,17,Min,RA,1120AM1250PM
BUS173,18,IAM,RA,1120AM1250PM
BUS173,19,JHK,RA,1120AM1250PM
BUS173,20,MRK3,RA,1120AM1250PM
BUS173,21,AjM,RA,0240PM0410PM
BUS173,22,AjM,RA,0420PM0550PM
BUS173,24,ZkH3,RA,0100PM0230PM
BUS251,2,Rfq,ST,0940AM1110AM
BUS251,3,FsZ,ST,0940AM1110AM
BUS251,4,IsL,ST,0940AM1110AM
BUS251,5,JrA,ST,0940AM1110AM
BUS251,6,MoH,ST,1120AM1250PM
BUS251,7,RSj,ST,1120AM1250PM
BUS251,8,IsL,ST,0100PM0230PM
BUS251,9,MoH,ST,0100PM0230PM
BUS251,10,Rfq,ST,0240PM0410PM
BUS251,11,FsZ,ST,0240PM0410PM
BUS251,12,JrA,ST,0240PM0410PM
BUS251,13,MoH,ST,0240PM0410PM
BUS251,14,Rfq,ST,0420PM0550PM
BUS251,16,JrA,ST,0420PM0550PM
BUS251,17,RSj,MW,0800AM0930AM
BUS251,18,IsL,MW,0940AM1110AM
BUS251,19,RSj,MW,1120AM1250PM
BUS251,20,IsL,MW,0100PM0230PM
BUS251,21,JrA,MW,0420PM0550PM
BUS251,22,LkK,RA,0940AM1110AM
BUS251,23,LkK,RA,0100PM0230PM
BUS251,24,LkK,RA,0240PM0410PM
BUS500/EMB500,1,DF,R,0700PM1010PM
BUS500/EMB500,2,AWd,T,0700PM1010PM
BUS500/EMB500,3,AWd,F,0900AM1230PM
BUS500/EMB500,4,IAd,W,0700PM1010PM
BUS501,1,AtR,S,0700PM1010PM
BUS501,2,Mot,W,0700PM1010PM
BUS501,4,StG,A,0300PM0630PM
BUS501,5,StG,A,0700PM1010PM
BUS505,1,FHW,M,0700PM1010PM
BUS505,2,FHW,W,0700PM1010PM
BUS505,3,MTq,S,0700PM1010PM
BUS505,4,MTq,T,0700PM1010PM
BUS511,1,AMj,M,0700PM1010PM
BUS511,2,KZn,S,0700PM1010PM
BUS511,3,KZn,W,0700PM1010PM
BUS511,4,KZn,T,0700PM1010PM
BUS516,1,UTH,S,0700PM1010PM
BUS516,2,SAA2,M,0300PM0630PM
BUS516,3,SAA2,W,0700PM1010PM
BUS518,1,NMA,M,0700PM1010PM
BUS518,2,MRI3,S,0700PM1010PM
BUS518,3,Zmn,T,0700PM1010PM
BUS518,4,MNB2,W,0700PM1010PM
BUS520,1,Tfq,T,0700PM1010PM
BUS520,2,SHl,M,0300PM0630PM
BUS520,3,ULM,W,0300PM0630PM
BUS520,4,MdS,S,0700PM1010PM
BUS520,5,MSM3,R,0700PM1010PM
BUS525,1,Tmr,W,0700PM1010PM
BUS525,2,KNz,W,0300PM0630PM
BUS525,3,KNz,M,0700PM1010PM
BUS525,4,StG,S,0700PM1010PM
BUS525,6,KMZ2,T,0700PM1010PM
BUS530,1,AAR,A,0300PM0630PM
BUS530,2,Tmr,T,0700PM1010PM
BUS530,3,AKP,W,0700PM1010PM
BUS530,4,MCw,S,0700PM1010PM
BUS530,5,AAR,R,0300PM0630PM
BUS601,1,KsM,W,0300PM0630PM
BUS601,2,KsM,W,0700PM1010PM
BUS601,3,NAM3,F,0900AM1230PM
BUS601,4,Tfq,S,0700PM1010PM
BUS601,5,NAM3,A,0700PM1010PM
BUS620,1,HSK1,M,0700PM1010PM
BUS620,2,DSr,T,0700PM1010PM
BUS620,4,FNa1,W,0300PM0630PM
BUS620,5,HKC,R,0700PM1010PM
BUS620,6,SRf,W,0700PM1010PM
BUS635,1,MRU2,T,0300PM0630PM
BUS635,2,Rma,M,0700PM1010PM
BUS635,3,HMM,S,0700PM1010PM
BUS635,4,HMM,M,0300PM0630PM
BUS635,5,Rma,W,0700PM1010PM
BUS635,7,MSI1,R,0700PM1010PM
BUS650,1,MSI2,S,0700PM1010PM
BUS650,3,Adz,M,0700PM1010PM
BUS650,4,FrS,A,0700PM1010PM
BUS685,1,AdK,A,0300PM0630PM
BUS685,3,AfR1,S,0700PM1010PM
BUS685,4,AfR1,W,0700PM1010PM
BUS690,1,JnA,W,0700PM1010PM
BUS690,2,MdS,T,0700PM1010PM
BUS690,3,NAM3,F,0700PM1010PM
BUS690,4,CSF,S,0700PM1010PM
BUS690,5,CSF,M,0700PM1010PM
BUS700,1,TBA,A,0700PM1010PM
CEE100,2,SjI,RA,1120AM1250PM
CEE110,1,TsR,ST,1120AM1250PM
CEE110,2,SK3,ST,0100PM0230PM
CEE110,3,TsR,MW,1120AM1250PM
CEE209,2,SEq,MW,0100PM0230PM
CEE209L,2,DRS,W,0240PM0550PM
CEE209L,3,DRS,R,0800AM1110AM
CEE210,1,HRK,ST,0240PM0410PM
CEE211,1,DvK,MW,0100PM0230PM
CEE211L,1,DvK,M,0800AM1110AM
CEE212,1,HRK,ST,0420PM0550PM
CEE212L,1,FA2,W,0800AM1110AM
CEE214,1,JBr,ST,1120AM1250PM
CEE215,1,FA2,ST,0100PM0230PM
CEE240,1,MMS4,MW,0800AM0930AM
CEE240L,1,TsR,S,0800AM1110AM
CEE240L,2,TsR,T,0240PM0550PM
CEE250L,1,JBr,R,0240PM0550PM
CEE250L,2,JBr,M,0240PM0550PM
CEE260,1,SjI,ST,1120AM1250PM
CEE310,1,SK3,MW,0940AM1110AM
CEE330,1,FA2,MW,0240PM0410PM
CEE335,1,HRK,MW,0420PM0550PM
CEE335L,1,HRK,R,0240PM0550PM
CEE335L,2,HRK,W,0240PM0550PM
CEE340,1,MMS4,ST,0940AM1110AM
CEE340,2,MMS4,ST,0100PM0230PM
CEE350,1,SbC,MW,0240PM0410PM
CEE360,1,TsR,MW,0240PM0410PM
CEE360L,1,TsR,M,0800AM1110AM
CEE370,1,Ndz,RA,1120AM1250PM
CEE370,2,Ndz,RA,0240PM0410PM
CEE370L,3,Ndz,R,0800AM1100AM
CEE370L,4,Ndz,A,0800AM1100AM
CEE373,1,Ndz,ST,0240PM0410PM
CEE373L,1,Ndz,S,0800AM1110AM
CEE415,1,SbC,ST,0100PM0230PM
CEE433,1,Nzu,ST,0240PM0410PM
CEE460,1,MAR6,R,0800AM1110AM
CEE467,1,SjI,MW,0940AM1110AM
CEE470,1,SK3,ST,0940AM1110AM
CEE490B,1,JBr,ST,0940AM1110AM
CEE492,1,Nzu,A,1120AM1250PM
CEE499A,13,MMS4,A,0100PM0230PM
CEG413,1,Sfm,A,0800AM1110AM
CEG413,2,Sfm,A,1120AM0230PM
CEG413,3,MHo1,R,0240PM0550PM
CHE101,1,SB,ST,0800AM0930AM
CHE101,2,SB,ST,0940AM1110AM
CHE101,3,ZaF,ST,1120AM1250PM
CHE101,4,EvM,ST,0100PM0230PM
CHE101,5,AIq,ST,0240PM0410PM
CHE101,7,ZaF,ST,0420PM0550PM
CHE101,9,SB,MW,0800AM0930AM
CHE101,10,ZaF,MW,0940AM1110AM
CHE101,11,ACh,MW,1120AM1250PM
CHE101,12,AIq,MW,0100PM0230PM
CHE101,14,MKr,MW,0420PM0550PM
CHE101,15,EvM,RA,0940AM1110AM
CHE101,17,ACR,RA,1120AM1250PM
CHE101,18,MAR5,RA,1120AM1250PM
CHE101,19,EvM,RA,0100PM0230PM
CHE101,20,MMR3,RA,0100PM0230PM
CHE101,21,ACR,RA,0240PM0410PM
CHE101,26,BKF,MW,0240PM0410PM
CHE101L,3,MH1,S,0940AM1250PM
CHE101L,4,MH1,S,0110PM0500PM
CHE101L,5,MH1,S,0110PM0500PM
CHE101L,6,MH1,S,0110PM0500PM
CHE101L,7,MH1,T,0940AM1250PM
CHE101L,9,MH1,T,0940AM1250PM
CHE101L,10,MH1,T,0110PM0500PM
CHE101L,13,AYS,R,0940AM1250PM
CHE101L,14,AYS,R,0940AM1250PM
CHE101L,15,AYS,R,0940AM1250PM
CHE101L,16,ACR,R,0110PM0500PM
CHE101L,17,ACR,R,0110PM0500PM
CHE101L,18,ACR,R,0110PM0500PM
CHE120,1,SEq,ST,1120AM1250PM
CHE120,2,SEq,ST,0100PM0230PM
CHE120L,1,SK3,S,0240PM0550PM
CHE120L,2,SK3,T,0240PM0550PM
CHE120L,3,SK3,M,0240PM0550PM
CHE202,2,MSH3,MW,0100PM0230PM
CHE202L,1,MSH3,ST,1120AM1250PM
CHE202L,2,MSH3,MW,1120AM1250PM
CHE203,1,Sdl,ST,0940AM1110AM
CHE203,2,Sdl,ST,1120AM1250PM
CHE203L,1,ACh,RA,0100PM0230PM
CHN101,1,Rbt,ST,0100PM0230PM
CHN101,2,Rbt,ST,0240PM0410PM
CHN101,3,Rbt,MW,0100PM0230PM
CHN101,4,Rbt,MW,0420PM0550PM
CHN201,1,WWZ,ST,0420PM0550PM
CSE115,1,RjP,MW,0940AM1110AM
CSE115,2,RRa,MW,0240PM0410PM
CSE115,4,IHa,ST,1120AM1250PM
CSE115,5,SAm,ST,1120AM1250PM
CSE115,6,SAm,ST,0240PM0410PM
CSE115,7,SAm,ST,0420PM0550PM
CSE115,8,MLE,MW,1120AM1250PM
CSE115,9,MLE,MW,0100PM0230PM
CSE115,10,NvA,ST,0800AM0930AM
CSE115,11,HSM,ST,0800AM0930AM
CSE115,12,Rsl,ST,0100PM0230PM
CSE115,13,Rsl,MW,0940AM1110AM
CSE115,14,TmM,ST,0100PM0230PM
CSE115,15,HSM,MW,0420PM0550PM
CSE115,16,AKR,RA,0940AM1110AM
CSE115,18,Mfs,ST,0800AM0930AM
CSE115,19,Mfs,ST,0940AM1110AM
CSE115,20,Srb,RA,0800AM0930AM
CSE115,21,Srb,RA,0940AM1110AM
CSE115L,1,RjP,MW,0100PM0230PM
CSE115L,2,RRa,MW,1120AM1250PM
CSE115L,3,IHa,ST,0100PM0230PM
CSE115L,4,IHa,ST,0240PM0410PM
CSE115L,5,SAm,MW,0940AM1110AM
CSE115L,6,SAm,MW,1120AM1250PM
CSE115L,7,SAm,MW,0420PM0550PM
CSE115L,8,MLE,MW,0800AM0930AM
CSE115L,9,MLE,MW,0240PM0410PM
CSE115L,11,HSM,ST,0940AM1110AM
CSE115L,12,Rsl,ST,0240PM0410PM
CSE115L,13,Rsl,MW,1120AM1250PM
CSE115L,14,TmM,ST,0240PM0410PM
CSE115L,15,HSM,MW,0240PM0410PM
CSE115L,16,AKR,RA,0100PM0230PM
CSE115L,17,AKR,RA,0240PM0410PM
CSE115L,18,Mfs,ST,1120AM1250PM
CSE115L,19,Mfs,ST,0100PM0230PM
CSE115L,20,Srb,RA,1120AM1250PM
CSE115L,21,Srb,RA,0100PM0230PM
CSE173,1,RRn,ST,0240PM0410PM
CSE173,2,RRn,ST,0420PM0550PM
CSE173,4,AdF,ST,0240PM0410PM
CSE173,5,AdF,ST,0420PM0550PM
CSE173,6,MAZ3,RA,0800AM0930AM
CSE173,7,MAZ3,RA,0940AM1110AM
CSE173,8,MSK1,ST,0100PM0230PM
CSE173,9,MSK1,MW,1120AM1250PM
CSE173,10,MSK1,MW,0240PM0410PM
CSE173,11,SfT,RA,0800AM0930AM
CSE173,12,SfT,RA,0940AM1110AM
CSE173,13,SfT,RA,1120AM1250PM
CSE173,14,RAj,MW,0800AM0930AM
CSE173,15,RAj,MW,0940AM1110AM
CSE173,16,MRj1,ST,0800AM0930AM
CSE215,1,RjP,ST,1120AM1250PM
CSE215,2,SvA,MW,0940AM1110AM
CSE215,3,SvA,MW,1120AM1250PM
CSE215,4,ABH3,ST,0800AM0930AM
CSE215,5,BMH,ST,1120AM1250PM
CSE215,6,BMH,ST,0100PM0230PM
CSE215,7,Mtd,MW,0800AM0930AM
CSE215,8,Mtd,MW,0940AM1110AM
CSE215,9,MRH1,ST,0800AM0930AM
CSE215,10,MRH1,ST,0940AM1110AM
CSE215,11,CFA,ST,0800AM0930AM
CSE215,12,CFA,ST,0940AM1110AM
CSE215,16,KMU1,MW,0800AM0930AM
CSE215L,2,SvA,MW,0100PM0230PM
CSE215L,3,SvA,ST,1120AM1250PM
CSE215L,4,ABH3,ST,1120AM1250PM
CSE215L,5,BMH,ST,0240PM0410PM
CSE215L,6,BMH,ST,0420PM0550PM
CSE215L,7,Mtd,MW,1120AM1250PM
CSE215L,8,Mtd,MW,0100PM0230PM
CSE215L,9,MRH1,RA,0800AM0930AM
CSE215L,10,MRH1,RA,0940AM1110AM
CSE215L,11,CFA,ST,1120AM1250PM
CSE215L,12,CFA,ST,0100PM0230PM
CSE215L,13,TBA,MW,0240PM0410PM
CSE215L,16,KMU1,MW,0940AM1110AM
CSE225,2,IHa,MW,0940AM1110AM
CSE225,3,SfM1,ST,1120AM1250PM
CSE225,4,TmM,MW,0940AM1110AM
CSE225,5,TmM,MW,0100PM0230PM
CSE225,6,MMR4,MW,1120AM1250PM
CSE225,7,MMR4,MW,0240PM0410PM
CSE225,8,MAY,ST,0800AM0930AM
CSE225,9,MAY,ST,0940AM1110AM
CSE225,11,MKN1,RA,1120AM1250PM
CSE225,12,SAS3,MW,0800AM0930AM
CSE225,13,SAS3,RA,0940AM1110AM
CSE225,14,SfM1,MW,0940AM1110AM
CSE225L,1,ARa2,MW,0100PM0230PM
CSE225L,3,SfM1,ST,0100PM0230PM
CSE225L,4,TmM,MW,1120AM1250PM
CSE225L,5,TmM,MW,0240PM0410PM
CSE225L,6,MMR4,MW,0100PM0230PM
CSE225L,7,MMR4,MW,0420PM0550PM
CSE225L,8,MAY,ST,1120AM1250PM
CSE225L,9,MAY,ST,0100PM0230PM
CSE225L,11,MKN1,RA,0240PM0410PM
CSE225L,12,SAS3,MW,1120AM1250PM
CSE225L,13,SAS3,RA,1120AM1250PM
CSE225L,14,SfM1,MW,0240PM0410PM
CSE231,1,TnF,ST,0800AM0930AM
CSE231,4,NNP,RA,1120AM1250PM
CSE231,6,Rsf,ST,0800AM0930AM
CSE231,7,ZBZ,ST,0420PM0550PM
CSE231,8,ABH1,RA,0940AM1110AM
CSE231,9,ABH1,RA,1120AM1250PM
CSE231,10,SAA3,RA,0800AM0930AM
CSE231,11,SAA3,RA,0940AM1110AM
CSE231,12,SAA3,RA,0240PM0410PM
CSE231,13,HSM,RA,0100PM0230PM
CSE231,14,HSM,RA,0420PM0550PM
CSE231,16,NNP,RA,0940AM1110AM
CSE231,17,SSH1,ST,0800AM0930AM
CSE231L,1,TnF,S,1120AM0230PM
CSE231L,2,TBA,S,0800AM1110AM
CSE231L,4,NNP,S,0240PM0550PM
CSE231L,5,Rsf,T,0240PM0550PM
CSE231L,6,Rsf,M,0240PM0550PM
CSE231L,7,ZBZ,W,0240PM0550PM
CSE231L,8,ABH1,M,1120AM0230PM
CSE231L,9,ABH1,A,0240PM0550PM
CSE231L,10,SAA3,R,1120AM0230PM
CSE231L,11,SAA3,A,1120AM0230PM
CSE231L,12,SAA3,T,0800AM1110AM
CSE231L,13,HSM,A,0800AM1110AM
CSE231L,14,HSM,W,0800AM1110AM
CSE231L,16,NNP,T,0800AM1110AM
CSE231L,17,SSH1,A,0240PM0550PM
CSE257/CSE417,2,SnS1,ST,0100PM0230PM
CSE257/CSE417,3,MSK1,ST,0940AM1110AM
CSE257L/CSE417L,1,SnS1,M,0800AM1110AM
CSE257L/CSE417L,2,SnS1,W,0800AM1110AM
CSE257L/CSE417L,3,MSK1,T,0240PM0550PM
CSE273/CSE473,1,SfM1,ST,0940AM1110AM
CSE273/CSE473,2,SfM1,ST,0240PM0410PM
CSE299,1,MLE,R,0100PM0230PM
CSE299,2,SvA,R,1120AM1250PM
CSE299,3,TmM,R,0100PM0230PM
CSE299,4,NvA,W,1120AM1250PM
CSE311/ETE335,1,RRn,ST,1120AM1250PM
CSE311/ETE335,2,RRn,MW,0420PM0550PM
CSE311/ETE335,4,AdF,MW,0420PM0550PM
CSE311/ETE335,5,SLf,MW,0800AM0930AM
CSE311/ETE335,6,SLf,MW,0940AM1110AM
CSE311/ETE335,7,SLf,MW,0240PM0410PM
CSE311/ETE335,8,RHK1,RA,0940AM1110AM
CSE311/ETE335,9,RHK1,RA,1120AM1250PM
CSE311/ETE335,11,KMb,ST,0240PM0410PM
CSE311/ETE335,12,KMb,ST,0420PM0550PM
CSE311L/ETE335L,1,RRn,R,1120AM0230PM
CSE311L/ETE335L,2,RRn,R,0240PM0550PM
CSE311L/ETE335L,3,AdF,S,1120AM0230PM
CSE311L/ETE335L,4,AdF,T,1120AM0230PM
CSE311L/ETE335L,5,SLf,R,1120AM0230PM
CSE311L/ETE335L,7,SLf,R,0800AM1100AM
CSE311L/ETE335L,8,RHK1,R,0240PM0550PM
CSE311L/ETE335L,9,RHK1,A,0240PM0550PM
CSE311L/ETE335L,10,TBA,M,0800AM1110AM
CSE311L/ETE335L,11,KMb,R,0240PM0550PM
CSE311L/ETE335L,12,KMb,R,0800AM1100AM
CSE311L/ETE335L,13,TBA,R,1120AM0230PM
CSE323,1,NvA,ST,1120AM1250PM
CSE323,2,NvA,ST,0100PM0230PM
CSE323,3,ABH3,ST,0420PM0550PM
CSE323,4,SAK1,MW,0800AM0930AM
CSE323,5,SAK1,MW,0940AM1110AM
CSE323,7,SMU1,RA,0800AM0930AM
CSE323,10,RMz1,RA,0240PM0410PM
CSE325/CSE425,1,KMN1,RA,0240PM0410PM
CSE325/CSE425,2,KMN1,RA,0420PM0550PM
CSE325/CSE425,3,NbM,ST,0940AM1110AM
CSE325/CSE425,4,NbM,ST,1120AM1250PM
CSE325/CSE425,5,MMR4,ST,0100PM0230PM
CSE325/CSE425,6,MMR4,ST,0240PM0410PM
CSE326,1,RjP,MW,1120AM1250PM
CSE326,2,EzM,MW,0420PM0550PM
CSE326,3,EzM,MW,0100PM0230PM
CSE327,1,NbM,ST,0240PM0410PM
CSE327,2,NbM,MW,0940AM1110AM
CSE327,3,AzK,MW,1120AM1250PM
CSE327,5,ABH3,RA,0800AM0930AM
CSE327,6,ABH3,RA,0100PM0230PM
CSE327,7,RKH1,MW,0420PM0550PM
CSE327,8,RKH1,MW,0100PM0230PM
CSE327,11,RMz1,RA,1120AM1250PM
CSE331/EEE332/ETE332,1,Rsf,RA,0100PM0230PM
CSE331/EEE332/ETE332,2,Rsf,ST,0100PM0230PM
CSE331/EEE332/ETE332,3,MHo1,RA,0800AM0930AM
CSE331/EEE332/ETE332,4,MHo1,RA,0940AM1110AM
CSE331/EEE332/ETE332,5,SJm1,RA,0800AM0930AM
CSE331/EEE332/ETE332,7,SkH1,RA,0940AM1110AM
CSE331L/EEE332L/ETE332L,1,Rsf,R,0800AM1110AM
CSE331L/EEE332L/ETE332L,2,Rsf,A,0800AM1110AM
CSE331L/EEE332L/ETE332L,4,MHo1,A,0240PM0550PM
CSE331L/EEE332L/ETE332L,5,SJm1,A,1120AM0230PM
CSE331L/EEE332L/ETE332L,7,SkH1,A,0240PM0550PM
CSE332/EEE336,1,TnF,MW,1120AM1250PM
CSE332/EEE336,2,TnF,MW,0100PM0230PM
CSE332/EEE336,3,TnR,ST,0940AM1110AM
CSE332/EEE336,4,Sfm,RA,0240PM0410PM
CSE332/EEE336,5,Sfm,RA,0420PM0550PM
CSE332/EEE336,6,RKb1,ST,0800AM0930AM
CSE332/EEE336,7,RKb1,ST,1120AM1250PM
CSE332/EEE336,9,KdA1,RA,0800AM0930AM
CSE332/EEE336,12,SAS3,RA,0240PM0410PM
CSE332/EEE336,13,SAS3,RA,0420PM0550PM
CSE332L/EEE336L,1,TnF,M,0800AM1110AM
CSE332L/EEE336L,2,TnF,W,0800AM1110AM
CSE332L/EEE336L,3,TnR,W,1120AM0230PM
CSE332L/EEE336L,4,Sfm,S,0800AM1110AM
CSE332L/EEE336L,5,Sfm,T,1120AM0230PM
CSE332L/EEE336L,6,RKb1,T,0240PM0550PM
CSE332L/EEE336L,7,RKb1,R,1120AM0230PM
CSE332L/EEE336L,9,KdA1,A,1120AM0230PM
CSE332L/EEE336L,12,SAS3,S,1120AM0230PM
CSE332L/EEE336L,13,SAS3,M,1120AM0230PM
CSE332L/EEE336L,14,SMH2,A,0800AM1100AM
CSE338,1,AzK,ST,0940AM1110AM
CSE338,2,AzK,ST,1120AM1250PM
CSE338L,1,AzK,S,0240PM0550PM
CSE338L,2,AzK,T,0240PM0550PM
CSE338L,3,SAA3,W,0240PM0550PM
CSE348/CSE440/EEE333/ETE333,2,SAA3,M,0600PM0910PM
CSE373,1,ARa2,ST,0940AM1110AM
CSE373,2,IHa,MW,1120AM1250PM
CSE373,3,MLE,ST,0940AM1110AM
CSE373,4,ABH1,MW,0800AM0930AM
CSE373,5,ABH1,MW,0240PM0410PM
CSE373,7,ARa2,ST,1120AM1250PM
CSE410,1,Rkz,MW,0420PM0550PM
CSE413/EEE413/ETE419,1,IqR,ST,0940AM1110AM
CSE413/EEE413/ETE419,2,IqR,MW,0240PM0410PM
CSE413L/EEE413L/ETE419L,2,IqR,R,0800AM1100AM
CSE435/EEE411/ETE412,1,IqR,MW,0940AM1110AM
CSE435/EEE411/ETE412,2,HUZ,ST,0940AM1110AM
CSE435/EEE411/ETE412,3,IqR,MW,1120AM1250PM
CSE435L/EEE411L/ETE412L,1,IqR,A,1120AM0230PM
CSE435L/EEE411L/ETE412L,2,HUZ,S,1120AM0230PM
CSE435L/EEE411L/ETE412L,3,IqR,A,0240PM0550PM
CSE435L/EEE411L/ETE412L,4,TBA,S,0240PM0550PM
CSE435L/EEE411L/ETE412L,5,TBA,M,0240PM0550PM
CSE445,1,SvA,ST,0100PM0230PM
CSE445,2,MLE,ST,0240PM0410PM
CSE448/CSE523/EEE432/ETE432,1,RRn,W,0700PM1010PM
CSE482/ETE334,1,RKH1,MW,0240PM0410PM
CSE482/ETE334,3,NqH,MW,0420PM0550PM
CSE482L/ETE334L,1,RKH1,R,0240PM0550PM
CSE482L/ETE334L,2,NqH,M,1120AM0230PM
CSE482L/ETE334L,3,NqH,W,1120AM0230PM
CSE499A/EEE499A/ETE499A,1,Szz,S,0800AM1110AM
CSE499A/EEE499A/ETE499A,2,KMM,S,1120AM0230PM
CSE499A/EEE499A/ETE499A,3,TnR,S,0240PM0550PM
CSE499A/EEE499A/ETE499A,4,NvA,W,0800AM1110AM
CSE499A/EEE499A/ETE499A,5,SfM1,W,1120AM0230PM
CSE499A/EEE499A/ETE499A,6,Rsl,S,0800AM1110AM
CSE499A/EEE499A/ETE499A,7,Mdy,M,0240PM0550PM
CSE499A/EEE499A/ETE499A,8,ZBZ,W,1120AM0230PM
CSE499B/EEE499B/ETE499B,1,SnS1,T,0240PM0550PM
CSE499B/EEE499B/ETE499B,2,Szz,M,0800AM1110AM
CSE499B/EEE499B/ETE499B,3,TnR,T,0240PM0550PM
CSE499B/EEE499B/ETE499B,4,Mdy,W,0240PM0550PM
CSE499B/EEE499B/ETE499B,5,RjP,T,0800AM1110AM
CSE499B/EEE499B/ETE499B,6,HUZ,R,1120AM0230PM
CSE499B/EEE499B/ETE499B,7,SnS1,M,0240PM0550PM
CSE411/CSE512,1,SLf,S,0700PM1010PM
CSE348/CSE440/CSE513/ETE333,1,Szz,M,0700PM1010PM
CSE493/CSE561,1,RjP,W,0700PM1010PM
DEV502,1,BSq,A,0300PM0610PM
DEV563,1,SME,W,0700PM1010PM
DEV566,1,NrA,F,0300PM0630PM
DEV571,1,NzM,A,0900AM1230PM
ECO101,1,AMM2,RA,1120AM1250PM
ECO101,2,PSk,ST,0420PM0550PM
ECO101,3,ZIq,ST,1120AM1250PM
ECO101,4,AMM2,RA,0240PM0410PM
ECO101,5,AMM2,RA,0940AM1110AM
ECO101,6,Stq,ST,0420PM0550PM
ECO101,7,PSk,MW,0420PM0550PM
ECO101,8,Muf,MW,0240PM0410PM
ECO101,9,Nnm,ST,0800AM0930AM
ECO101,10,NzM1,ST,0940AM1110AM
ECO101,12,RsA,MW,0940AM1110AM
ECO101,13,SME,ST,0100PM0230PM
ECO101,14,REA,MW,0100PM0230PM
ECO101,15,SME,ST,0420PM0550PM
ECO101,16,Stq,ST,0240PM0410PM
ECO101,17,KDM,ST,0240PM0410PM
ECO101,18,KDM,ST,0420PM0550PM
ECO101,19,AMM2,MW,0800AM0930AM
ECO101,20,AKt,RA,1120AM1250PM
ECO101,21,AKt,RA,0240PM0410PM
ECO101,22,Abt,RA,0100PM0230PM
ECO101,23,Nnm,RA,0100PM0230PM
ECO101,24,AKt,MW,0800AM0930AM
ECO101,26,FTs,ST,0800AM0930AM
ECO101,27,ZIq,MW,0420PM0550PM
ECO101,28,AKt,RA,0940AM1110AM
ECO101,29,KNz,RA,0940AM1110AM
ECO101,30,FTs,ST,1120AM1250PM
ECO101,31,NzM1,ST,0800AM0930AM
ECO101,32,KNz,RA,1120AM1250PM
ECO101,33,ZIq,MW,0940AM1110AM
ECO101,34,SMA2,RA,0800AM0930AM
ECO101,35,SMA2,RA,0100PM0230PM
ECO101,36,RsA,MW,1120AM1250PM
ECO101,37,ZbR,MW,1120AM1250PM
ECO101,38,ZIq,MW,0100PM0230PM
ECO101,41,StF,RA,0940AM1110AM
ECO101,42,ABA,MW,0240PM0410PM
ECO101,43,SnS,RA,0800AM0930AM
ECO101,44,TBA,MW,0420PM0550PM
ECO101,45,TBA,ST,0800AM0930AM
ECO101,46,TBA,MW,0420PM0550PM
ECO103,1,RBr,ST,0800AM0930AM
ECO103,2,RBr,ST,1120AM1250PM
ECO104,1,SHq1,MW,0800AM0930AM
ECO104,2,IQB,ST,0940AM1110AM
ECO104,3,Stq,MW,0800AM0930AM
ECO104,4,Stq,MW,1120AM1250PM
ECO104,5,MMK,MW,0800AM0930AM
ECO104,8,ACD,MW,0420PM0550PM
ECO104,9,MMK,ST,0100PM0230PM
ECO104,10,MCw,MW,0240PM0410PM
ECO104,11,Nnm,RA,0800AM0930AM
ECO104,12,ABA,ST,0800AM0930AM
ECO104,13,HHn,MW,0940AM1110AM
ECO104,14,RsA,ST,0420PM0550PM
ECO104,15,RsA,ST,0240PM0410PM
ECO104,16,Nnm,RA,1120AM1250PM
ECO104,17,SHq1,ST,1120AM1250PM
ECO104,18,ACD,ST,0420PM0550PM
ECO104,19,SHq1,ST,0940AM1110AM
ECO104,20,ABA,ST,1120AM1250PM
ECO134,1,AHn,RA,0800AM0930AM
ECO134,2,Niq,MW,0800AM0930AM
ECO134,3,Niq,RA,0240PM0410PM
ECO134,4,Nvn,ST,0420PM0550PM
ECO172,1,Mzq,MW,0240PM0410PM
ECO173,1,Nvn,ST,0100PM0230PM
ECO201/ECO203,1,REA,RA,1120AM1250PM
ECO201/ECO203,2,MIH,MW,0100PM0230PM
ECO204,1,AtR,MW,1120AM1250PM
ECO244,1,AHn,RA,0940AM1110AM
ECO244,2,Niq,RA,0940AM1110AM
ECO244,3,Abt,RA,0800AM0930AM
ECO244,4,Nvn,MW,0420PM0550PM
ECO244,6,Abt,RA,1120AM1250PM
ECO244,7,Abt,ST,0800AM0930AM
ECO244,8,Nvn,MW,0100PM0230PM
ECO244,9,HHn,ST,0240PM0410PM
ECO244,10,HHn,ST,1120AM1250PM
ECO244,11,Sqm,MW,0800AM0930AM
ECO244,12,Azd,RA,0420PM0550PM
ECO244,13,HHn,MW,0100PM0230PM
ECO244,14,Mzq,ST,1120AM1250PM
ECO244,15,AAR,RA,0100PM0230PM
ECO244,16,Mzq,ST,0800AM0930AM
ECO244,17,Mzq,MW,0800AM0930AM
ECO244,19,SnS,RA,0100PM0230PM
ECO328,1,REA,MW,0420PM0550PM
ECO341/ECO441,1,SBm,ST,1120AM1250PM
ECO349,1,Muf,ST,0940AM1110AM
ECO350,1,MMK,ST,0420PM0550PM
ECO354,1,SME,MW,0100PM0230PM
ECO380,1,SHq1,MW,0240PM0410PM
ECO436,1,MIH,MW,1120AM1250PM
ECO450,1,AtR,MW,0240PM0410PM
ECO451,1,AMi,ST,0100PM0230PM
ECO455,1,AAR,ST,0940AM1110AM
ECO484,1,Muf,ST,0240PM0410PM
ECO484,2,Muf,MW,0940AM1110AM
ECO502,1,SBm,A,0900AM1230PM
ECO504,1,AKP,M,0700PM1010PM
ECO611,1,REA,A,0300PM0610PM
ECO631,1,MMK,A,0700PM1010PM
ECO684,1,MCw,T,0700PM1010PM
EEE154,1,DRS,M,0800AM0930AM
EEE154,2,DRS,M,0940AM1110AM
EEE154,3,DRS,M,1120AM1250PM
EEE154,5,DRS,W,0940AM1110AM
EEE154,7,Mun,R,0800AM0930AM
EEE154,9,SqR,S,0420PM0550PM
EEE154,10,SqR,T,0420PM0550PM
EEE154,11,DRS,R,1120AM1250PM
EEE211/ETE211,2,RRa,MW,0420PM0550PM
EEE232,1,Mla,ST,0420PM0550PM
EEE232L,1,Mla,A,0800AM1110AM
EEE254,1,AyH,RA,0800AM0930AM
EEE299/ETE299,1,KMM,M,0940AM1110AM
EEE299/ETE299,2,ZBZ,W,0800AM0930AM
EEE299/ETE299,3,RRa,R,1120AM1250PM
EEE299/ETE299,4,HUZ,R,0240PM0410PM
EEE299/ETE299,5,KMU,W,0940AM1110AM
EEE342/ETE418,1,SnS1,MW,0100PM0230PM
EEE342L/ETE418L,2,lih,R,1120AM0230PM
EEE342L/ETE418L,3,lih,A,1120AM0230PM
EEE362,1,hzr,MW,0940AM1110AM
EEE362,2,hzr,MW,1120AM1250PM
EEE362L,1,hzr,T,1120AM0230PM
EEE362L,2,hzr,T,0240PM0550PM
EEE363,1,Aqu,ST,0940AM1110AM
EEE363,2,Aqu,ST,1120AM1250PM
EEE363,3,SRD1,MW,0100PM0230PM
EEE363L,1,Aqu,S,0240PM0550PM
EEE363L,2,Aqu,M,0240PM0550PM
EEE363L,3,SRD1,W,0240PM0550PM
EEE452,1,FKr,ST,0420PM0550PM
EEE452,3,Rkz,ST,0420PM0550PM
EEE452,4,Rkz,MW,0240PM0410PM
EEE452,5,NqH,RA,0940AM1110AM
EEE452,6,NqH,RA,1120AM1250PM
EEE452,7,NqH,RA,0240PM0410PM
EEE452,8,hzr,MW,0240PM0410PM
EEE452,9,FKr,MW,0100PM0230PM
EEE452,10,FKr,MW,0240PM0410PM
EEE452,12,SMH2,RA,1120AM1250PM
EEE462,1,MTA1,RA,0940AM1110AM
EEE462,2,MTA1,RA,1120AM1250PM
EEE465,1,NSv,MW,0100PM0230PM
EEE465,2,NSv,MW,0240PM0410PM
EEE494,1,KMM,M,0700PM1010PM
EEE522,1,EnB,A,0600PM0900PM
EEE542,1,KMM,W,0700PM1010PM
EEE557,1,EnB,A,0300PM0555PM
CSE525/EEE661/ETE536,1,hzr,R,0600PM0900PM
EMB501,1,SdI,A,0700PM1010PM
EMB502,1,KJZ,R,0700PM1010PM
EMB510,1,Rkb,A,0700PM1010PM
EMB520,1,Miz,F,0700PM1010PM
EMB601,1,AWd,R,0700PM1010PM
EMB601,2,IAd,A,0700PM1010PM
EMB602,1,MUI1,F,0700PM1010PM
EMB620,1,Miz,A,0700PM1010PM
EMB650,1,Hsi,F,0900AM1230PM
EMB660,1,MSH5,F,0700PM1010PM
EMB670,1,KJZ,F,0900AM1230PM
EMB690,1,MdS,A,0700PM1010PM
EMPH601,1,PvA,F,0300PM0600PM
EMPH642,1,DKM,F,1035AM0120PM
EMPH644,1,StR,T,0600PM0910PM
EMPH663,1,Mdb,F,0730AM1030AM
EMPH704,1,KzB,F,0730AM1030AM
ENG102,1,HSh,ST,0800AM0930AM
ENG102,2,Szi,ST,0800AM0930AM
ENG102,3,Ssy,ST,0800AM0930AM
ENG102,4,Ssy,ST,0940AM1110AM
ENG102,5,SlQ,ST,1120AM1250PM
ENG102,6,RNS,ST,1120AM1250PM
ENG102,7,SuT,ST,0100PM0230PM
ENG102,8,SlQ,ST,0240PM0410PM
ENG102,9,RNS,ST,0240PM0410PM
ENG102,10,Szi,MW,0800AM0930AM
ENG102,11,Sye,MW,0940AM1110AM
ENG102,12,SZn,MW,1120AM1250PM
ENG102,14,STS1,MW,1120AM1250PM
ENG102,15,SZn,MW,0100PM0230PM
ENG102,16,STS1,MW,0100PM0230PM
ENG102,17,SZn,MW,0240PM0410PM
ENG102,20,Sye,RA,0940AM1110AM
ENG102,21,Sye,RA,1120AM1250PM
ENG103,1,McD,ST,0800AM0930AM
ENG103,2,NSj,ST,0800AM0930AM
ENG103,3,Ndm,ST,0800AM0930AM
ENG103,4,NSj,ST,0940AM1110AM
ENG103,5,TRn,RA,0800AM0930AM
ENG103,6,NnR,ST,1120AM1250PM
ENG103,7,SNm,ST,1120AM1250PM
ENG103,8,MNK,ST,1120AM1250PM
ENG103,9,ASt,ST,1120AM1250PM
ENG103,11,NnR,ST,0240PM0410PM
ENG103,12,STS1,ST,0240PM0410PM
ENG103,13,SSA2,ST,0240PM0410PM
ENG103,14,MkF,ST,0240PM0410PM
ENG103,15,SZn,ST,0420PM0550PM
ENG103,16,Sye,MW,0800AM0930AM
ENG103,17,NSj,MW,0800AM0930AM
ENG103,18,HMe,MW,0800AM0930AM
ENG103,19,TAA,RA,0800AM0930AM
ENG103,20,SuT,MW,0940AM1110AM
ENG103,21,Szi,MW,0940AM1110AM
ENG103,22,SHq,MW,1120AM1250PM
ENG103,24,MNK,MW,1120AM1250PM
ENG103,27,SuT,MW,0100PM0230PM
ENG103,28,MHn,MW,0240PM0410PM
ENG103,29,SSA2,MW,0240PM0410PM
ENG103,30,MkF,MW,0240PM0410PM
ENG103,31,NPn,MW,0420PM0550PM
ENG103,32,SZn,MW,0420PM0550PM
ENG103,33,Ssy,RA,0800AM0930AM
ENG103,34,KSS,RA,0800AM0930AM
ENG103,35,KSS,RA,0940AM1110AM
ENG103,36,NSB,RA,0940AM1110AM
ENG103,37,FHs,RA,0940AM1110AM
ENG103,38,SZO,RA,0940AM1110AM
ENG103,39,Ssy,RA,0940AM1110AM
ENG103,41,SZO,RA,1120AM1250PM
ENG103,42,KSS,RA,1120AM1250PM
ENG103,43,DBs,RA,0100PM0230PM
ENG103,44,FzM,RA,0240PM0410PM
ENG103,45,FzM,RA,0420PM0550PM
ENG103,46,MHn,ST,0240PM0410PM
ENG103,47,FzM,ST,0420PM0550PM
ENG103,48,KME,ST,0420PM0550PM
ENG103,49,NSB,MW,0420PM0550PM
ENG103,50,FzM,RA,0100PM0230PM
ENG103,52,SZO,RA,0100PM0230PM
ENG103,53,TRn,RA,0100PM0230PM
ENG103,54,FHs,RA,0800AM0930AM
ENG105,2,HMe,ST,0800AM0930AM
ENG105,3,SNm,ST,0800AM0930AM
ENG105,4,MHn,ST,0420PM0550PM
ENG105,5,NPn,ST,0940AM1110AM
ENG105,6,AQB,ST,1120AM1250PM
ENG105,7,MkS,ST,1120AM1250PM
ENG105,8,MHn,ST,0100PM0230PM
ENG105,9,AQB,ST,0100PM0230PM
ENG105,10,SPn,ST,0100PM0230PM
ENG105,11,RAh,ST,0240PM0410PM
ENG105,12,McD,MW,0800AM0930AM
ENG105,13,HSh,MW,0800AM0930AM
ENG105,15,McD,MW,0940AM1110AM
ENG105,19,ShC,MW,0940AM1110AM
ENG105,20,TRn,MW,1120AM1250PM
ENG105,21,RAh,MW,0100PM0230PM
ENG105,22,SnH,MW,0100PM0230PM
ENG105,23,AtB,MW,0100PM0230PM
ENG105,24,NnR,MW,0240PM0410PM
ENG105,25,SPn,MW,0240PM0410PM
ENG111,1,MkS,ST,0100PM0230PM
ENG111,2,MNK,ST,0940AM1110AM
ENG111,4,HMe,MW,0940AM1110AM
ENG111,5,AtB,ST,0940AM1110AM
ENG111,6,SlQ,MW,0100PM0230PM
ENG111,7,SZO,MW,0940AM1110AM
ENG111,9,NnR,MW,0100PM0230PM
ENG111,11,SuT,ST,0240PM0410PM
ENG115,1,NSB,RA,0240PM0410PM
ENG115,2,AtB,MW,1120AM1250PM
ENG115,3,SNm,MW,0800AM0930AM
ENG115,4,NvI,ST,0800AM0930AM
ENG115,5,NvI,MW,0100PM0230PM
ENG115,6,SSA2,MW,0420PM0550PM
ENG115,7,ASt,ST,0100PM0230PM
ENG115,8,ShC,MW,1120AM1250PM
ENG115,9,JBH,MW,0420PM0550PM
ENG115,10,AQB,MW,0100PM0230PM
ENG115,11,Szi,ST,0940AM1110AM
ENG115,13,SNm,MW,1120AM1250PM
ENG115,14,RAh,ST,0100PM0230PM
ENG115,15,SlQ,MW,0240PM0410PM
ENG202,1,JBH,ST,0240PM0410PM
ENG205,1,KME,ST,0940AM1110AM
ENG210,1,MkF,MW,1120AM1250PM
ENG210,2,ASt,RA,1120AM1250PM
ENG212,1,JBH,ST,0420PM0550PM
ENG216,1,RAh,MW,0240PM0410PM
ENG216,2,HMe,ST,0940AM1110AM
ENG220,1,ShC,ST,1120AM1250PM
ENG223,1,HSh,MW,1120AM1250PM
ENG225,1,SnH,MW,1120AM1250PM
ENG230,1,DF,MW,0240PM0410PM
ENG302,1,SHq,MW,0800AM0930AM
ENG302,2,SHq,MW,0940AM1110AM
ENG302,3,SPn,MW,0940AM1110AM
ENG305,1,SnH,ST,0100PM0230PM
ENG307,1,MkF,ST,0420PM0550PM
ENG310,1,SHq,MW,0940AM1110AM
ENG311,1,MkF,ST,0420PM0550PM
ENG316,1,NvI,ST,1120AM1250PM
ENG332,1,KME,ST,0240PM0410PM
ENG337,2,SPm,ST,0420PM0550PM
ENG341,1,NSB,MW,0240PM0410PM
ENG351,1,AtB,ST,0100PM0230PM
ENG410,1,DF,ST,0240PM0410PM
ENG411,1,SPm,ST,1120AM1250PM
ENG427,1,SHq,ST,0940AM1110AM
ENG436,1,SnH,MW,1120AM1250PM
ENG450,1,NSj,MW,0940AM1110AM
ENG456,1,NPn,MW,0240PM0410PM
ENG458,1,JBH,MW,0240PM0410PM
ENG491,1,McD,ST,0240PM0410PM
ENG501,1,AQB,T,0700PM1010PM
ENG574,1,SAn,T,0700PM1010PM
ENG579,1,MSz2,M,0700PM1010PM
ENG580,1,DF,M,0700PM1010PM
ENG602,1,KME,W,0700PM1010PM
ENG603,1,SnH,T,0700PM1010PM
ENG612,1,TBA,R,0700PM1010PM
ENG615,1,DF,M,0700PM1010PM
ENG616,1,SAn,A,0700PM1010PM
ENG631,1,DAQ,S,0700PM1010PM
ENG635,1,MSz2,R,0700PM1010PM
ENV102,1,KNr,ST,0940AM1110AM
ENV107,1,HMd,ST,0940AM1110AM
ENV107,2,HMd,MW,1120AM1250PM
ENV107,3,Mrl,MW,0240PM0410PM
ENV107,4,Sud,ST,0800AM0930AM
ENV107,5,Sud,ST,0940AM1110AM
ENV107,6,Sud,MW,1120AM1250PM
ENV107,7,Mdo,ST,0940AM1110AM
ENV107,8,Mdo,ST,1120AM1250PM
ENV107,9,Mdo,ST,0240PM0410PM
ENV107,10,Mdo,MW,0940AM1110AM
ENV107,11,THE,MW,0100PM0230PM
ENV107,12,AAd,ST,1120AM1250PM
ENV107,13,AAd,ST,0100PM0230PM
ENV107,15,AAd,MW,0420PM0550PM
ENV107,16,SHS3,ST,0420PM0550PM
ENV107,17,HRh,RA,0940AM1110AM
ENV107,18,HRh,RA,1120AM1250PM
ENV107,19,ARK,ST,0100PM0230PM
ENV107,20,KbU,RA,0100PM0230PM
ENV107,21,KbU,RA,0240PM0410PM
ENV107,22,KAI,RA,0100PM0230PM
ENV107,23,KAI,RA,0240PM0410PM
ENV107,24,Mfz,RA,0800AM0930AM
ENV107,25,MZH1,RA,1120AM1250PM
ENV107,26,MpR,RA,0100PM0230PM
ENV107,31,YSh,ST,0240PM0410PM
ENV107L,2,HMd,M,0200PM0500PM
ENV107L,3,HMd,R,0210PM0500PM
ENV107L,5,KNr,T,0200PM0500PM
ENV107L,7,KNr,A,0200PM0500PM
ENV107L,8,KNr,A,0200PM0500PM
ENV172,1,Nzn,MW,0240PM0410PM
ENV203/GEO205,1,SMO,ST,0100PM0230PM
ENV203/GEO205,2,SMO,MW,1120AM1250PM
ENV203/GEO205,3,Mnz,RA,0800AM0930AM
ENV203/GEO205,4,Mnz,RA,0940AM1110AM
ENV203/GEO205,5,Mzs,RA,0100PM0230PM
ENV203/GEO205,6,Mzs,RA,0420PM0550PM
ENV203/GEO205,7,HmK,RA,1120AM1250PM
ENV203/GEO205,9,Ald,RA,0800AM0930AM
ENV203/GEO205,10,Ald,RA,1120AM1250PM
ENV203/GEO205,11,Zru,RA,0100PM0230PM
ENV203/GEO205,12,Zru,RA,0420PM0550PM
ENV203/GEO205,13,KBs,RA,0100PM0230PM
ENV203/GEO205,14,KBs,RA,0420PM0550PM
ENV203/GEO205,15,RMr,RA,0800AM0930AM
ENV203/GEO205,16,RMr,RA,0940AM1110AM
ENV203/GEO205,17,TnD,RA,0420PM0550PM
ENV203/GEO205,18,Szr,MW,0420PM0550PM
ENV203,19,AIY,RA,0240PM0410PM
ENV203/GEO205,20,TZA1,RA,0420PM0550PM
ENV203/GEO205,21,AIY,RA,0940AM1110AM
ENV207,1,HMd,ST,1120AM1250PM
ENV209,1,BKF,MW,0940AM1110AM
ENV214,1,THE,ST,1120AM1250PM
ENV214,2,THE,ST,0240PM0410PM
ENV215,1,KNr,ST,0100PM0230PM
ENV260,1,RBr,MW,0420PM0550PM
ENV304,1,ARK,ST,0420PM0550PM
ENV307,1,SMO,MW,0100PM0230PM
ENV321,1,THE,ST,0940AM1110AM
ENV372,1,RBr,ST,0100PM0230PM
ENV373,1,Jky,MW,0940AM1110AM
ENV373,2,ZAM,MW,1120AM1250PM
ENV373,3,ZAM,MW,0420PM0550PM
ENV405,1,MRK,MW,1120AM1250PM
ENV409,1,MRK,MW,0240PM0410PM
ENV418,1,Sud,MW,0420PM0550PM
ENV432,1,ZRh,ST,0800AM0930AM
ENV501,1,KdA,F,0300PM0600PM
ENV502,1,MRK,F,0900AM1230PM
ENV606,1,Jky,A,0940AM1250PM
ENV609,1,NmK,M,0700PM1010PM
ENV615,1,Nzn,A,0600PM0900PM
ENV649,1,MRK,F,0300PM0600PM
CSE281/EEE111/ETE111,1,KAS,ST,0940AM1110AM
EEE111/ETE111,2,MzR1,MW,0800AM0930AM
EEE111/ETE111,3,lih,ST,0940AM1110AM
EEE111/ETE111,4,Mkl,ST,0100PM0230PM
EEE111/ETE111,5,IMR,ST,1120AM1250PM
EEE111/ETE111,6,MzR1,MW,0940AM1110AM
EEE111/ETE111,8,HUZ,MW,0940AM1110AM
EEE111/ETE111,9,FKr,ST,0240PM0410PM
EEE111/ETE111,11,IMR,RA,0800AM0930AM
EEE111/ETE111,12,ZBZ,MW,0240PM0410PM
EEE111/ETE111,13,NNP,MW,1120AM1250PM
CSE281L/EEE111L/ETE111L,1,KAS,T,1120AM0230PM
EEE111L/ETE111L,3,lih,S,1120AM0230PM
EEE111L/ETE111L,4,Mkl,M,0240PM0550PM
EEE111L/ETE111L,5,IMR,T,0800AM1110AM
EEE111L/ETE111L,6,MzR1,W,0240PM0550PM
EEE111L/ETE111L,8,HUZ,W,1120AM0230PM
EEE111L/ETE111L,9,FKr,R,0240PM0550PM
EEE111L/ETE111L,11,IMR,A,0240PM0550PM
EEE111L/ETE111L,12,ZBZ,M,0800AM1110AM
EEE111L/ETE111L,13,NNP,T,0240PM0550PM
EEE141/ETE141,1,KAS,MW,0940AM1110AM
EEE141/ETE141,2,mtn,ST,1120AM1250PM
EEE141/ETE141,3,AbO,ST,0100PM0230PM
EEE141/ETE141,4,ZBZ,RA,0940AM1110AM
EEE141/ETE141,6,KMU,RA,0100PM0230PM
EEE141/ETE141,7,KMU,RA,0240PM0410PM
EEE141/ETE141,8,AbO,MW,1120AM1250PM
EEE141/ETE141,9,mtn,MW,1120AM1250PM
EEE141/ETE141,10,IMR,ST,0240PM0410PM
EEE141/ETE141,11,IMR,RA,1120AM1250PM
EEE141/ETE141,12,NNP,ST,0800AM0930AM
EEE141/ETE141,14,SSH1,RA,1120AM1250PM
EEE141/ETE141,15,SSH1,RA,0100PM0230PM
EEE141L/ETE141L,1,KAS,M,1120AM0230PM
EEE141L/ETE141L,2,mtn,S,0240PM0550PM
EEE141L/ETE141L,3,AbO,T,0240PM0550PM
EEE141L/ETE141L,4,ZBZ,R,1120AM0230PM
EEE141L/ETE141L,6,KMU,R,0800AM1110AM
EEE141L/ETE141L,7,KMU,A,0800AM1110AM
EEE141L/ETE141L,8,AbO,W,0240PM0550PM
EEE141L/ETE141L,9,mtn,M,0240PM0550PM
EEE141L/ETE141L,10,IMR,S,0800AM1110AM
EEE141L/ETE141L,11,IMR,R,0240PM0550PM
EEE141L/ETE141L,12,NNP,S,1120AM0230PM
EEE141L/ETE141L,14,SSH1,W,0800AM1110AM
EEE141L/ETE141L,15,SSH1,R,0800AM1110AM
EEE211/ETE211,1,KMM,MW,0800AM0930AM
EEE211/ETE211,3,TnF,ST,0940AM1110AM
EEE211L/ETE211L,1,KMM,W,1120AM0230PM
EEE211L/ETE211L,2,RRa,M,0800AM1110AM
EEE221/ETE221,1,Mkl,MW,0100PM0230PM
EEE221/ETE221,2,Mdy,MW,1120AM1250PM
EEE221L/ETE221L,1,Mkl,M,0800AM1110AM
EEE221L/ETE221L,2,Mdy,W,0800AM1110AM
EEE241/ETE241,1,AbO,MW,0100PM0230PM
EEE241/ETE241,2,IqR,ST,1120AM1250PM
EEE241/ETE241,4,AyH,RA,0940AM1110AM
EEE241/ETE241,5,SkH1,RA,0100PM0230PM
EEE241L/ETE241L,1,AbO,M,0240PM0550PM
EEE241L/ETE241L,2,IqR,R,1120AM0230PM
EEE241L/ETE241L,4,AyH,A,1120AM0230PM
EEE241L/ETE241L,5,SkH1,R,0240PM0550PM
EEE311/ETE311,1,KAS,MW,0240PM0410PM
EEE311/ETE311,3,Aqu,MW,1120AM1250PM
EEE311/ETE311,4,NNP,MW,0940AM1110AM
EEE311/ETE311,5,RRa,ST,0100PM0230PM
EEE311/ETE311,6,RRa,ST,0240PM0410PM
EEE311/ETE311,7,MzR1,RA,0100PM0230PM
EEE311L/ETE311L,1,KAS,W,1120AM0230PM
EEE311L/ETE311L,2,Mkl,S,0240PM0550PM
EEE311L/ETE311L,3,Aqu,T,0240PM0550PM
EEE311L/ETE311L,4,NNP,T,1120AM0230PM
EEE311L/ETE311L,5,RRa,S,0800AM1110AM
EEE311L/ETE311L,6,RRa,T,0800AM1110AM
EEE311L/ETE311L,7,MzR1,R,0800AM1110AM
EEE312/ETE312,1,SRD1,ST,0100PM0230PM
EEE312L/ETE312L,1,SRD1,S,0800AM1110AM
EEE312L/ETE312L,2,SRD1,T,0800AM1110AM
EEE321/ETE321,1,TEK,RA,0100PM0230PM
EEE321/ETE321,2,TEK,RA,0240PM0410PM
EEE321L/ETE321L,1,TEK,M,0800AM1110AM
EEE321L/ETE321L,2,TEK,W,0800AM1110AM
EEE331/ETE331,1,Rsl,MW,0100PM0230PM
EEE331L/ETE331L,1,Rsl,A,1120AM0230PM
EEE361/ETE361,1,Mdy,ST,1120AM1250PM
EEE361/ETE361,2,Mdy,ST,0100PM0230PM
EEE313/EEE410/ETE411/ETE443,1,NSv,ST,0100PM0230PM
EEE313/EEE410/ETE411/ETE443,2,NSv,ST,0240PM0410PM
EEE342/ETE418,2,lih,MW,0940AM1110AM
EEE426/ETE426,1,ZUM,ST,0420PM0550PM
EEE426L/ETE426L,1,ZUM,A,0800AM1110AM
EEE471/ETE471,1,FKr,MW,0420PM0550PM
EEE471L/ETE471L,1,FKr,A,0800AM1110AM
EEE481/ETE481,1,AbO,S,0240PM0550PM
EEE482/ETE482,1,Rsl,W,0240PM0550PM
EEE530/ETE506,1,mtn,W,0700PM1010PM
FIN254,1,ASy,MW,0940AM1110AM
FIN254,2,TkS,ST,0240PM0410PM
FIN254,3,SgS,ST,0800AM0930AM
FIN254,4,ASy,ST,0940AM1110AM
FIN254,6,FFa,ST,0800AM0930AM
FIN254,7,SnT,MW,0800AM0930AM
FIN254,8,KHT,MW,1120AM1250PM
FIN254,9,SnT,MW,1120AM1250PM
FIN254,10,Trq,RA,0940AM1110AM
FIN254,11,Mjd,ST,0100PM0230PM
FIN254,12,NNh,ST,0100PM0230PM
FIN254,13,MdM,ST,0240PM0410PM
FIN254,14,Mjd,ST,0240PM0410PM
FIN254,15,NNh,ST,0420PM0550PM
FIN254,16,Mjd,MW,0100PM0230PM
FIN254,17,FFa,ST,0940AM1110AM
FIN254,18,RMB,ST,1120AM1250PM
FIN254,20,TBA,MW,0800AM0930AM
FIN254,21,KHM,MW,0420PM0550PM
FIN254,22,Rby,ST,0420PM0550PM
FIN340,1,AhM,ST,0100PM0230PM
FIN340,2,IAC,ST,0100PM0230PM
FIN340,3,AhM,ST,0240PM0410PM
FIN340,4,IAC,ST,0800AM0930AM
FIN340,5,IAC,ST,0940AM1110AM
FIN433,1,SnT,ST,0800AM0930AM
FIN433,2,MN,MW,0800AM0930AM
FIN433,3,MN,MW,0940AM1110AM
FIN433,4,MEF,RA,0240PM0410PM
FIN433,5,MEF,RA,0420PM0550PM
FIN433,7,AhM,RA,0940AM1110AM
FIN433,8,Hmu,ST,0800AM0930AM
FIN433,9,MN,MW,0420PM0550PM
FIN433,10,SnT,ST,0940AM1110AM
FIN435,1,MdM,MW,0240PM0410PM
FIN435,2,MdM,MW,0420PM0550PM
FIN435,3,SbK,ST,0100PM0230PM
FIN435,4,Hmu,MW,0800AM0930AM
FIN435,5,Hmu,MW,0940AM1110AM
FIN435,6,SbK,ST,1120AM1250PM
FIN435,7,MSH5,RA,0100PM0230PM
FIN435,8,MSH5,RA,0240PM0410PM
FIN440,1,FFa,MW,0800AM0930AM
FIN440,3,Hmu,ST,0940AM1110AM
FIN440,4,KHT,MW,0240PM0410PM
FIN440,5,MN,ST,0100PM0230PM
FIN440,6,MN,ST,1120AM1250PM
FIN440,7,MRe,RA,0240PM0410PM
FIN440,8,MzF,ST,0800AM0930AM
FIN440,9,SgS,MW,0100PM0230PM
FIN440,10,SgS,MW,1120AM1250PM
FIN440,11,Sys,ST,0940AM1110AM
FIN440,12,Sys,ST,1120AM1250PM
FIN440,13,TkS,MW,0240PM0410PM
FIN444,1,SbK,MW,0240PM0410PM
FIN444,2,Mjd,MW,0420PM0550PM
FIN444,4,RMB,ST,0240PM0410PM
FIN444,5,SbK,MW,1120AM1250PM
FIN444,6,RMB,ST,0420PM0550PM
FIN455,1,MzF,MW,0800AM0930AM
FIN455,2,MzF,MW,0940AM1110AM
FIN464,1,SaT,MW,0240PM0410PM
FIN464,2,SaT,MW,0420PM0550PM
FIN464,3,MdM,MW,1120AM1250PM
FIN464,4,TsA,ST,1120AM1250PM
FIN480,1,Rma,RA,0240PM0410PM
FIN637,1,MAR3,M,0700PM1010PM
FIN639,1,SfN1,T,0700PM1010PM
FIN639,2,SfN1,A,0700PM1010PM
FIN643,1,RqM,A,0700PM1010PM
FIN644,1,PKB,M,0700PM1010PM
FIN644,2,MMH6,A,0700PM1010PM
FIN645,1,MdR,F,0700PM1010PM
FIN647,1,Rma,R,0700PM1010PM
HIS101,1,Sfn,MW,0940AM1110AM
HIS101,2,ASz,MW,0940AM1110AM
HIS101,3,AGR2,A,1120AM0230PM
HIS101,4,Mzd,MW,1120AM1250PM
HIS101,5,Mzd,MW,0100PM0230PM
HIS101,6,AKA3,ST,0940AM1110AM
HIS101,7,AKA3,ST,1120AM1250PM
HIS101,9,AKA3,ST,0420PM0550PM
HIS101,11,ABP1,RA,1120AM1250PM
HIS101,12,ABP1,RA,0240PM0410PM
HIS101,13,MAB2,ST,1120AM1250PM
HIS101,14,MAB2,ST,0100PM0230PM
HIS101,15,MNA1,MW,0940AM1110AM
HIS101,16,MNA1,MW,1120AM1250PM
HIS101,17,MNA1,MW,0240PM0410PM
HIS101,18,ZrS,MW,0940AM1110AM
HIS101,19,ZrS,MW,1120AM1250PM
HIS101,20,ZrS,MW,0240PM0410PM
HIS102,1,MdS3,ST,0940AM1110AM
HIS102,2,MdS3,ST,0100PM0230PM
HIS102,3,MdS3,MW,1120AM1250PM
HIS103,1,AGR2,A,0240PM0550PM
HIS103,2,Sfn,MW,0100PM0230PM
HIS103,3,ASz,MW,0100PM0230PM
HIS103,4,ASz,MW,0240PM0410PM
HIS103,5,AHO,RA,0800AM0930AM
HIS103,6,AHO,RA,0940AM1110AM
HIS103,7,Mzd,MW,0420PM0550PM
HIS103,8,MAB2,MW,1120AM1250PM
HIS103,9,MAB2,MW,0100PM0230PM
HIS103,10,SMS4,ST,0800AM0930AM
HIS103,11,SMS4,ST,1120AM1250PM
HIS103,12,SMS4,ST,0240PM0410PM
HIS205,1,AbS3,RA,1120AM1250PM
HIS205,3,AbS3,RA,0420PM0550PM
HRM340,1,Sqt,MW,0940AM1110AM
HRM340,2,Sqt,MW,0100PM0230PM
HRM360,1,Sqt,ST,0940AM1110AM
HRM360,2,Sqt,ST,0100PM0230PM
HRM370,1,TuA,MW,0100PM0230PM
HRM370,2,ASB1,RA,1120AM1250PM
HRM370,3,ASB1,RA,0240PM0410PM
HRM380,1,TuA,MW,0800AM0930AM
HRM410,1,Mli,MW,0100PM0230PM
HRM410,2,TuA,MW,0420PM0550PM
HRM460,1,TuA,MW,0940AM1110AM
HRM470,1,TuA,MW,1120AM1250PM
HRM602,1,KdA,F,0900AM1230PM
HRM603,1,KdA,F,0700PM1010PM
HRM604,1,MRB1,A,0700PM1010PM
HRM604,2,MUI1,R,0700PM1010PM
HRM605,1,IrA,T,0700PM1010PM
HRM610,1,NNR1,W,0700PM1010PM
HRM631,1,KsM,M,0700PM1010PM
HRM660,1,NNR1,S,0700PM1010PM
HRM660,2,KsM,R,0700PM1010PM
HRM680,1,KsM,T,0700PM1010PM
INB350,1,AlK,MW,0100PM0230PM
INB350,2,AlK,MW,0420PM0550PM
INB355,1,AMd,ST,0100PM0230PM
INB372,1,TFz,MW,0940AM1110AM
INB372,2,TFz,ST,0800AM0930AM
INB372,3,KNM1,RA,0420PM0550PM
INB372,4,TFz,MW,0800AM0930AM
INB372,5,Smi,ST,0940AM1110AM
INB372,6,Smi,ST,0100PM0230PM
INB372,7,Smi,MW,0940AM1110AM
INB372,8,MHZ,RA,0940AM1110AM
INB372,9,MHZ,RA,0800AM0930AM
INB372,10,Fzy,ST,1120AM1250PM
INB372,11,Fzy,ST,0940AM1110AM
INB372,12,TFz,ST,1120AM1250PM
INB372,13,Fss,ST,0100PM0230PM
INB372,15,FdF,RA,0940AM1110AM
INB372,16,AlK,ST,0420PM0550PM
INB372,17,AlK,ST,0100PM0230PM
INB372,18,Mbt,ST,0100PM0230PM
INB372,19,Mbt,ST,0420PM0550PM
INB372,20,EhN,ST,0420PM0550PM
INB372,21,SYI,RA,0240PM0410PM
INB372,22,SYI,RA,0420PM0550PM
INB400,1,TFd,ST,0420PM0550PM
INB410,1,AMd,MW,1120AM1250PM
INB480,1,MHZ,MW,0940AM1110AM
INB480,2,Smi,MW,0100PM0230PM
INB480,3,AMd,MW,0100PM0230PM
LAW105,1,SKA1,ST,0800AM0930AM
LAW107,1,NMA,MW,0100PM0230PM
LAW200,1,Sqb,ST,0240PM0410PM
LAW200,2,HiS,ST,0800AM0930AM
LAW200,3,HiS,MW,0240PM0410PM
LAW200,4,STZ,RA,0100PM0230PM
LAW200,5,KAH,RA,0800AM0930AM
LAW200,6,Sqb,MW,0800AM0930AM
LAW200,7,Sqb,MW,1120AM1250PM
LAW200,8,ARf2,ST,0800AM0930AM
LAW200,9,ARf2,ST,1120AM1250PM
LAW200,10,SKA1,MW,0240PM0410PM
LAW200,11,SKA1,MW,0100PM0230PM
LAW200,13,KTR,RA,0240PM0410PM
LAW200,14,TAS,RA,0800AM0930AM
LAw200,15,TAS,RA,1120AM1250PM
LAW200,16,SsR2,RA,1120AM1250PM
LAW200,17,SsR2,RA,0240PM0410PM
LAW200,18,NHq,A,0310PM0600PM
LAW200,19,MKA1,ST,0240PM0410PM
LAW200,20,MKA1,ST,0420PM0550PM
LAW200,21,EfS,ST,0240PM0410PM
LAW200,22,EfS,ST,0420PM0550PM
LAW200,23,IqH1,MW,0800AM0930AM
LAW200,24,IqH1,MW,0100PM0230PM
LAW200,25,NrA1,RA,0100PM0230PM
LAW200,27,MNB2,MW,0240PM0410PM
LAW200,28,MNB2,MW,0420PM0550PM
LAW200,29,Zmn,R,0800AM1110AM
LAW200,30,MKS1,ST,0800AM0930AM
LAW201,1,STZ,ST,0800AM0930AM
LAW202,1,STZ,RA,0940AM1110AM
LAW225,1,STZ,ST,0940AM1110AM
LAW301,1,NJN,MW,0420PM0550PM
LAW303,1,HiS,ST,0940AM1110AM
LAW305,1,HiS,MW,0100PM0230PM
LAW306,1,KAH,MW,0800AM0930AM
LAW307,1,MRI3,ST,1120AM1250PM
LAW308,1,NJN,ST,0240PM0410PM
LAW310,1,MRI3,MW,1120AM1250PM
LAW311,1,Rji,RA,0800AM0930AM
LAW312,1,ARf2,MW,0100PM0230PM
LAW314,1,NJN,ST,1120AM1250PM
LAW401,1,Rji,MW,0800AM0930AM
LAW402,1,ARf2,MW,0800AM0930AM
LAW403,1,MRI3,ST,0100PM0230PM
LAW404,1,NJN,MW,0100PM0230PM
LAW405,1,KAH,RA,0100PM0230PM
LAW406,1,Rji,MW,0940AM1110AM
LAW407,1,SKA1,ST,0940AM1110AM
LAW408,1,Rji,MW,1120AM1250PM
LAW409,1,KAH,RA,0940AM1110AM
LAW412,1,KAH,RA,0420PM0550PM
LAW413,1,ARf2,MW,0940AM1110AM
LAW415,1,Sqb,ST,0100PM0230PM
LAW426,1,SKA1,MW,0800AM0930AM
LBA104,2,IPL,RA,0940AM1110AM
LLM502,1,SAA4,A,1120AM0230PM
LLM506,1,SAA4,A,0800AM1110AM
LLM508,1,NMN1,M,0700PM1010PM
LLM509,1,MRI3,W,0700PM1010PM
LLM513,1,Zmn,R,0700PM1010PM
LLM516,1,Rji,A,1120AM0230PM
MAT116,1,FUA,RA,0100PM0230PM
MAT116,2,Bbn,RA,0420PM0550PM
MAT116,4,NFH,ST,0240PM0410PM
MAT116,5,ZHn,ST,0240PM0410PM
MAT116,6,ZHn,ST,0420PM0550PM
MAT116,7,SSU,RA,1120AM1250PM
MAT116,8,SSU,RA,0240PM0410PM
MAT116,9,SSU,RA,0420PM0550PM
MAT116,10,MHK3,RA,1120AM1250PM
MAT116,11,NSr,RA,0100PM0230PM
MAT116,12,MMH5,MW,0800AM0930AM
MAT116,13,MMH5,MW,0100PM0230PM
MAT116,14,Nan,ST,0800AM0930AM
MAT116,15,Nan,ST,1120AM1250PM
MAT116,16,FUA,RA,0800AM0930AM
MAT116,18,Rks,RA,0420PM0550PM
MAT116,19,NSr,RA,0940AM1110AM
MAT120,1,Rks,RA,0240PM0410PM
MAT120,2,ZIK,RA,0420PM0550PM
MAT120,3,PNg,ST,1120AM1250PM
MAT120,4,PNg,ST,0100PM0230PM
MAT120,5,MFU,RA,0240PM0410PM
MAT120,6,MFU,RA,0420PM0550PM
MAT120,7,MMH5,RA,0940AM1110AM
MAT120,8,MMH5,RA,1120AM1250PM
MAT120,9,LKS,RA,0240PM0410PM
MAT120,10,LKS,RA,0420PM0550PM
MAT120,11,MS1,ST,0940AM1110AM
MAT120,13,SSd,RA,0940AM1110AM
MAT120,14,SSd,RA,1120AM1250PM
MAT120,15,ZIK,RA,0240PM0410PM
MAT120,16,SBW,RA,0420PM0550PM
MAT120,17,OMG,MW,0100PM0230PM
MAT120,18,SSd,MW,0420PM0550PM
MAT125,1,AuR,RA,0800AM0930AM
MAT125,2,AuR,RA,0940AM1110AM
MAT125,3,UMM,MW,1120AM1250PM
MAT125,4,UMM,MW,0940AM1110AM
MAT125,5,MHI1,MW,1120AM1250PM
MAT125,6,MHI1,MW,0100PM0230PM
MAT125,7,ZHn,MW,0940AM1110AM
MAT125,9,ZHn,MW,0240PM0410PM
MAT125,10,SSU,ST,0240PM0410PM
MAT125,11,SSU,ST,0420PM0550PM
MAT125,12,MS1,MW,0240PM0410PM
MAT125,13,MS1,MW,0420PM0550PM
MAT125,14,Mde,RA,0240PM0410PM
MAT125,15,Mde,RA,0420PM0550PM
MAT125,16,PNg,ST,0940AM1110AM
MAT125,17,PNg,MW,1120AM1250PM
MAT125,19,Fdw,RA,0240PM0410PM
MAT130,1,MtM,MW,0100PM0230PM
MAT130,2,OMG,MW,0420PM0550PM
MAT130,3,HAr,MW,0940AM1110AM
MAT130,5,HAr,MW,0240PM0410PM
MAT130,6,MHI1,ST,1120AM1250PM
MAT130,7,MHI1,ST,0100PM0230PM
MAT130,8,MHI1,ST,0420PM0550PM
MAT130,9,MtM,ST,0800AM0930AM
MAT130,10,MtM,ST,0940AM1110AM
MAT130,12,MtM,MW,0940AM1110AM
MAT130,13,CNP,RA,0240PM0410PM
MAT130,14,CNP,RA,0420PM0550PM
MAT130,15,AdA,MW,0240PM0410PM
MAT130,16,AdA,MW,0420PM0550PM
MAT240,1,Fdw,RA,0420PM0550PM
MAT250,1,AdS,RA,0240PM0410PM
MAT250,4,HAr,ST,0100PM0230PM
MAT250,5,Mla,ST,0940AM1110AM
MAT250,6,Mla,ST,1120AM1250PM
MAT250,7,MAS,MW,0240PM0410PM
MAT250,8,MAS,MW,0420PM0550PM
MAT250,9,UMM,ST,0940AM1110AM
MAT250,10,UMM,ST,1120AM1250PM
MAT250,11,SBW,RA,0240PM0410PM
MAT250,12,AdS,RA,0420PM0550PM
MAT250,13,UMM,RA,0940AM1110AM
MAT350,1,SK,ST,0800AM0930AM
MAT350,2,SK,ST,1120AM1250PM
MAT350,3,Mla,MW,0940AM1110AM
MAT350,5,MTH,ST,0940AM1110AM
MAT350,6,MTH,ST,1120AM1250PM
MAT350,7,LSA,MW,0240PM0410PM
MAT350,8,LSA,MW,0420PM0550PM
MAT350,9,AmK,MW,0240PM0410PM
MAT350,10,AmK,MW,0420PM0550PM
MAT361,1,PPD,MW,0100PM0230PM
MAT361,2,PPD,MW,0240PM0410PM
MAT361,3,IsR,ST,0800AM0930AM
MAT361,4,IsR,ST,0940AM1110AM
MAT361,5,MAM1,ST,0240PM0410PM
MAT361,6,MAM1,ST,0420PM0550PM
MAT361,7,MAM1,MW,0800AM0930AM
MAT361,9,MAM1,MW,0100PM0230PM
MAT361,10,Hmn,RA,0940AM1110AM
MAT361,11,Hmn,RA,1120AM1250PM
MAT480,1,MTH,MW,0240PM0410PM
MGT210,1,JMS,ST,0800AM0930AM
MGT210,2,ShH,ST,0940AM1110AM
MGT210,3,Afd,ST,1120AM1250PM
MGT210,4,JMS,ST,1120AM1250PM
MGT210,5,JMS,ST,0100PM0230PM
MGT210,6,Afd,ST,0240PM0410PM
MGT210,7,MFM2,ST,0240PM0410PM
MGT210,8,MFM2,ST,0420PM0550PM
MGT210,9,Afd,MW,1120AM1250PM
MGT210,11,FAF,MW,0420PM0550PM
MGT210,12,HMM1,RA,0420PM0550PM
MGT210,13,HMM1,RA,0100PM0230PM
MGT210,14,HMM1,ST,0420PM0550PM
MGT210,15,MSZ1,RA,0800AM0930AM
MGT210,16,MSZ1,RA,0100PM0230PM
MGT210,17,MSZ1,RA,0240PM0410PM
MGT210,19,QEA,RA,0100PM0230PM
MGT210,22,BHn,ST,0420PM0550PM
MGT314,1,MfW,ST,0800AM0930AM
MGT314,2,MSI2,ST,0800AM0930AM
MGT314,3,MfW,ST,0940AM1110AM
MGT314,4,YUB,ST,0940AM1110AM
MGT314,6,YUB,ST,0100PM0230PM
MGT314,7,MfW,ST,0100PM0230PM
MGT314,8,Sqi,ST,0240PM0410PM
MGT314,9,JMS,MW,0800AM0930AM
MGT314,10,Mof,MW,1120AM1250PM
MGT314,11,JMS,MW,1120AM1250PM
MGT314,12,Sqi,MW,1120AM1250PM
MGT314,13,Mof,MW,0100PM0230PM
MGT314,14,RsH3,MW,0420PM0550PM
MGT314,15,Mof,MW,0420PM0550PM
MGT314,16,MSI2,RA,0800AM0930AM
MGT314,17,HQ,RA,1120AM1250PM
MGT314,18,MHC,RA,0800AM0930AM
MGT314,20,MHC,RA,0240PM0410PM
MGT314,21,WSC,RA,0100PM0230PM
MGT314,22,WSC,RA,0420PM0550PM
MGT321,1,RHL,ST,0100PM0230PM
MGT321,2,RHL,ST,0240PM0410PM
MGT321,3,UTH,MW,1120AM1250PM
MGT321,4,UTH,MW,0100PM0230PM
MGT321,5,Afd,MW,0240PM0410PM
MGT351,1,QTI,ST,0940AM1110AM
MGT351,2,Mli,ST,0940AM1110AM
MGT351,3,QTI,ST,1120AM1250PM
MGT351,4,ShH,ST,0100PM0230PM
MGT351,5,QTI,ST,0240PM0410PM
MGT351,7,Mli,MW,0940AM1110AM
MGT351,8,ShH,MW,0940AM1110AM
MGT351,9,QTI,MW,1120AM1250PM
MGT351,10,RHL,MW,0100PM0230PM
MGT351,11,ShH,MW,0100PM0230PM
MGT351,12,Rfq,MW,0240PM0410PM
MGT351,13,FsZ,MW,0240PM0410PM
MGT351,14,Mli,MW,0240PM0410PM
MGT351,15,RHL,MW,0240PM0410PM
MGT351,16,RfE,MW,0240PM0410PM
MGT351,17,Rfq,MW,0420PM0550PM
MGT351,18,FsZ,MW,0420PM0550PM
MGT351,19,RHL,MW,0420PM0550PM
MGT351,21,FKN,RA,0100PM0230PM
MGT351,23,MLR1,RA,0420PM0550PM
MGT351,24,ASB1,RA,0800AM0930AM
MGT351,25,MKR2,RA,0800AM0930AM
MGT351,26,MKR2,RA,0100PM0230PM
MGT351,27,MKR2,RA,0240PM0410PM
MGT351,28,MLK,ST,0800AM0930AM
MGT351,29,MLK,MW,0420PM0550PM
MGT368,1,MrA1,ST,0420PM0550PM
MGT368,2,SmM4,MW,0800AM0930AM
MGT368,3,MfW,MW,0800AM0930AM
MGT368,4,SmM4,MW,0940AM1110AM
MGT368,5,MfW,MW,0940AM1110AM
MGT368,7,ShL,MW,1120AM1250PM
MGT368,8,FNa1,MW,0100PM0230PM
MGT368,9,SmM4,MW,0240PM0410PM
MGT368,10,EsQ,RA,0940AM1110AM
MGT368,11,ReR,RA,0100PM0230PM
MGT368,12,ReR,RA,0240PM0410PM
MGT368,13,ReR,RA,0420PM0550PM
MGT368,14,EsQ,RA,0420PM0550PM
MGT368,15,SRS3,RA,0420PM0550PM
MGT368,16,MrA1,ST,0240PM0410PM
MGT368,17,EsQ,RA,0100PM0230PM
MGT368,18,SRS3,RA,1120AM1250PM
MGT368,19,SRS3,RA,0100PM0230PM
MGT368,21,MAG,RA,0420PM0550PM
MGT368,22,EsQ,MW,0420PM0550PM
MGT368,23,SRS3,MW,0420PM0550PM
MGT368,24,MAG,RA,0800AM0930AM
MGT460,1,MSI2,ST,1120AM1250PM
MGT489,1,MHM,ST,0800AM0930AM
MGT489,2,Ift,ST,0800AM0930AM
MGT489,3,SmM4,ST,0940AM1110AM
MGT489,4,MHM,ST,0940AM1110AM
MGT489,5,Ift,ST,1120AM1250PM
MGT489,6,ShL,ST,1120AM1250PM
MGT489,7,Ift,ST,0100PM0230PM
MGT489,8,SmM4,ST,0240PM0410PM
MGT489,10,MHM,MW,0800AM0930AM
MGT489,11,YUB,MW,0940AM1110AM
MGT489,12,YUB,MW,0100PM0230PM
MGT489,13,ZMu,RA,0800AM0930AM
MGT489,14,ZMu,RA,1120AM1250PM
MGT489,15,BHj,RA,1120AM1250PM
MGT489,16,BHj,RA,0100PM0230PM
MGT489,17,JnA,RA,0420PM0550PM
MGT607,1,TBA,F,0700PM1010PM
MGT610,1,UTH,T,0700PM1010PM
MGT656,1,UTH,A,0300PM0630PM
MGT670,1,MdS,F,0700PM1010PM
MGT680,1,Hsi,A,0700PM1010PM
MGT680,3,FrS,M,0700PM1010PM
MGT682,1,ZMu,S,0700PM1010PM
BIO202/MIC101,1,NBb,ST,1120AM1250PM
BIO202/MIC101,2,SFA2,ST,1120AM1250PM
MIC202,1,NBb,MW,1120AM1250PM
MIC203,1,JSJ,ST,1120AM1250PM
MIC206,1,NBb,MW,0940AM1110AM
MIC207,1,SRS1,ST,0940AM1110AM
MIC302,1,NBb,ST,0100PM0230PM
MIC307,1,JSJ,MW,0240PM0410PM
MIC309,1,AAM4,RA,0940AM1110AM
MIC312,1,NBb,RA,1120AM1250PM
MIC317,1,SFA2,ST,0240PM0410PM
MIC401,1,AAM4,RA,0800AM0930AM
MIC403,1,KNH,ST,1120AM1250PM
MIC404,1,EvM,ST,0940AM1110AM
MIC407,1,JSJ,MW,0100PM0230PM
MIC409,1,SRS1,ST,0100PM0230PM
MIC499,1,TBA,RA,0420PM0550PM
MIC499,2,TBA,RA,0420PM0550PM
MIC499,3,TBA,RA,0800AM0930AM
MIS105,1,MRC,ST,0800AM0930AM
MIS105,2,AIK,ST,1120AM1250PM
MIS105,3,NLi,ST,0240PM0410PM
MIS105,4,FdF,ST,0420PM0550PM
MIS105,5,Ayn,MW,0800AM0930AM
MIS105,7,MBR1,MW,0100PM0230PM
MIS105,8,RsH3,MW,0240PM0410PM
MIS105,9,KMS2,MW,0420PM0550PM
MIS105,10,MWa,RA,0800AM0930AM
MIS105,12,MMS3,RA,0800AM0930AM
MIS105,13,AMR3,RA,0940AM1110AM
MIS105,14,JSu2,RA,0940AM1110AM
MIS105,15,MRC,RA,0940AM1110AM
MIS105,16,ASA1,RA,0940AM1110AM
MIS105,17,MLR1,RA,0940AM1110AM
MIS105,18,MWa,RA,1120AM1250PM
MIS105,19,FKP,RA,1120AM1250PM
MIS105,20,MMS3,RA,1120AM1250PM
MIS105,22,JSu2,RA,0100PM0230PM
MIS105,23,ASA1,RA,0100PM0230PM
MIS105,24,YSN,RA,0100PM0230PM
MIS105,25,MLR1,RA,0100PM0230PM
MIS105,26,AMR3,RA,0240PM0410PM
MIS105,27,ASA1,RA,0240PM0410PM
MIS105,28,YSN,RA,0420PM0550PM
MIS105,29,SMO,ST,0240PM0410PM
MIS205,1,NLi,ST,0800AM0930AM
MIS205,2,NwA,ST,0800AM0930AM
MIS205,3,Ayn,ST,0800AM0930AM
MIS205,4,MBR1,ST,0940AM1110AM
MIS205,5,KMS2,ST,0940AM1110AM
MIS205,7,SAA2,ST,1120AM1250PM
MIS205,8,NwA,ST,1120AM1250PM
MIS205,9,KMS2,ST,0100PM0230PM
MIS205,10,SAA2,ST,0100PM0230PM
MIS205,11,MBR1,ST,0100PM0230PM
MIS205,12,RsH3,ST,0100PM0230PM
MIS205,13,AIK,ST,0240PM0410PM
MIS205,14,RsH3,ST,0420PM0550PM
MIS205,15,NLi,MW,0800AM0930AM
MIS205,16,MBR1,MW,0940AM1110AM
MIS205,17,Ayn,MW,1120AM1250PM
MIS205,18,NwA,MW,1120AM1250PM
MIS205,19,AIK,MW,1120AM1250PM
MIS205,21,AIK,MW,0240PM0410PM
MIS205,22,MMb,MW,0240PM0410PM
MIS205,23,MMb,MW,0420PM0550PM
MIS205,24,Mki,RA,0940AM1110AM
MIS205,25,MAR1,RA,0940AM1110AM
MIS205,26,Mki,RA,0100PM0230PM
MIS205,27,MAR1,RA,0100PM0230PM
MIS205,28,MRC,RA,0100PM0230PM
MIS205,29,MAR1,RA,0240PM0410PM
MIS205,30,MBR1,ST,0800AM0930AM
MIS210,1,NLi,ST,0100PM0230PM
MIS310,1,KMS2,MW,0940AM1110AM
MIS450,1,NwA,MW,0800AM0930AM
MIS470,1,KMS2,MW,0100PM0230PM
MIS480,1,SAA2,MW,1120AM1250PM
MKT202,1,BHn,ST,1120AM1250PM
MKT202,2,BHn,ST,0100PM0230PM
MKT202,3,AfH2,RA,0940AM1110AM
MKT202,4,HSK1,MW,0800AM0930AM
MKT202,5,FdF,ST,0800AM0930AM
MKT202,6,EMd,RA,1120AM1250PM
MKT202,7,FCh,MW,0940AM1110AM
MKT202,8,FCh,MW,1120AM1250PM
MKT202,9,ZTK,ST,0240PM0410PM
MKT202,10,Rst,ST,0940AM1110AM
MKT202,11,KNM1,RA,0100PM0230PM
MKT202,13,Sne,ST,0240PM0410PM
MKT202,14,Sne,ST,1120AM1250PM
MKT202,15,TFd,RA,0800AM0930AM
MKT202,16,TFd,RA,0940AM1110AM
MKT202,17,EhN,ST,0240PM0410PM
MKT202,18,QEA,RA,1120AM1250PM
MKT202,19,AfH2,RA,1120AM1250PM
MKT202,20,Mbt,RA,0420PM0550PM
MKT202,21,FHZ,ST,0940AM1110AM
MKT202,22,FHZ,ST,1120AM1250PM
MKT202,23,FHZ,ST,0800AM0930AM
MKT202,24,Fss,RA,0100PM0230PM
MKT202,25,Fss,ST,0420PM0550PM
MKT202,27,IJL,MW,0940AM1110AM
MKT202,28,MM1,MW,0240PM0410PM
MKT202,29,Onf,ST,0940AM1110AM
MKT202,30,MZL,MW,0240PM0410PM
MKT202,31,MZL,MW,0420PM0550PM
MKT202,32,Fss,RA,0240PM0410PM
MKT202,33,SeH,ST,0100PM0230PM
MKT330,1,EMd,MW,0240PM0410PM
MKT330,2,EMd,RA,0100PM0230PM
MKT330,3,EhN,MW,0240PM0410PM
MKT330,5,KNM1,ST,0800AM0930AM
MKT337,1,TFd,ST,0240PM0410PM
MKT337,2,Sne,RA,0940AM1110AM
MKT337,4,Onf,ST,1120AM1250PM
MKT337,5,Onf,MW,1120AM1250PM
MKT337,6,EhN,MW,0420PM0550PM
MKT337,7,EMd,MW,1120AM1250PM
MKT337,8,MZL,ST,0240PM0410PM
MKT337,9,MZL,ST,0420PM0550PM
MKT344,1,QEA,ST,0420PM0550PM
MKT344,2,NNA,MW,1120AM1250PM
MKT344,3,NNA,MW,0240PM0410PM
MKT344,4,BHn,MW,1120AM1250PM
MKT344,5,BHn,MW,0100PM0230PM
MKT344,6,FCh,ST,0940AM1110AM
MKT344,7,FCh,ST,1120AM1250PM
MKT344,9,IJS,ST,1120AM1250PM
MKT344,10,IJL,MW,0800AM0930AM
MKT344,11,IJL,MW,0240PM0410PM
MKT382,1,Fzy,MW,0940AM1110AM
MKT382,2,Rst,ST,0240PM0410PM
MKT382,3,SKI,RA,0940AM1110AM
MKT382,4,SKI,RA,1120AM1250PM
MKT382,5,Rst,MW,0100PM0230PM
MKT382,6,Rst,MW,0940AM1110AM
MKT382,7,FdF,ST,0940AM1110AM
MKT412,1,MHZ,MW,0800AM0930AM
MKT412,2,FHZ,MW,0800AM0930AM
MKT412,3,ZTK,MW,0800AM0930AM
MKT412,5,IJS,MW,0800AM0930AM
MKT412,6,IJS,MW,0940AM1110AM
MKT445,1,QEA,ST,0240PM0410PM
MKT450,1,RfE,ST,0420PM0550PM
MKT450,2,RfE,ST,0100PM0230PM
MKT460,1,HSK1,MW,1120AM1250PM
MKT460,2,RfE,MW,0100PM0230PM
MKT460,3,SeH,MW,0100PM0230PM
MKT460,4,SeH,MW,0420PM0550PM
MKT460,6,Mbt,RA,0240PM0410PM
MKT460,7,NNA,RA,0100PM0230PM
MKT460,8,NNA,RA,1120AM1250PM
MKT460,9,NTB,ST,0100PM0230PM
MKT465,1,RfE,MW,0420PM0550PM
MKT465,2,Onf,MW,0240PM0410PM
MKT465,3,SeH,ST,0420PM0550PM
MKT465,4,ZTK,ST,0100PM0230PM
MKT465,5,ZTK,ST,0940AM1110AM
MKT465,6,NTB,MW,0100PM0230PM
MKT465,7,NTB,MW,1120AM1250PM
MKT470,1,SKI,RA,0240PM0410PM
MKT470,2,MM1,MW,0420PM0550PM
MKT470,3,MM1,ST,0240PM0410PM
MKT470,4,MM1,ST,0420PM0550PM
MKT470,6,DSr,RA,0100PM0230PM
MKT470,7,AfH2,ST,0800AM0930AM
MKT621,1,MdS,W,0700PM1010PM
MKT621,3,HSK1,T,0700PM1010PM
MKT621,4,AfR1,A,0700PM1010PM
MKT621,5,AMM3,A,0300PM0630PM
MKT623,1,FNa1,R,0700PM1010PM
MKT623,2,FNa1,T,0700PM1010PM
MKT625,2,TyH,R,0700PM1010PM
MKT626,1,BkR,T,0700PM1010PM
MKT627,1,DSr,R,0700PM1010PM
MKT627,2,DSr,A,0700PM1010PM
MKT629,1,AMM3,F,0700PM1010PM
MKT631,1,AFS,F,0700PM1010PM
MKT633,1,KNM1,S,0700PM1010PM
MKT634,1,HKC,M,0700PM1010PM
MKT634,2,Miz,W,0700PM1010PM
PAD201,1,MbU,MW,0940AM1110AM
PAD201,2,SR3,MW,0800AM0930AM
PAD201,3,MR,ST,0100PM0230PM
PAD201,4,MR,ST,0240PM0410PM
PAD201,5,NzM,MW,0940AM1110AM
PAD201,6,SLK,ST,0100PM0230PM
PAD201,7,KAA3,RA,1120AM1250PM
PBH101,1,SbS,ST,1120AM1250PM
PBH101,2,SbS,ST,0100PM0230PM
PBH101,3,SgD,ST,0100PM0230PM
PBH101,4,SSL1,ST,0240PM0410PM
PBH101,6,Abl,ST,0240PM0410PM
PBH101,7,SbS,RA,1120AM1250PM
PBH101,8,ABy,MW,0100PM0230PM
PBH101,9,ABy,MW,0240PM0410PM
PBH101,10,Nme,ST,0940AM1110AM
PBH101,11,SgD,ST,1120AM1250PM
PBH101,12,SbS,RA,0100PM0230PM
PBH101,13,SzP,MW,0940AM1110AM
PBH101,14,RkY,MW,0420PM0550PM
PBH101,15,SCw,MW,1120AM1250PM
PBH101,16,HRh,ST,0420PM0550PM
PBH101,17,SzP,MW,0240PM0410PM
PBH101,18,AAL,MW,0800AM0930AM
PBH101,20,SCw,MW,0940AM1110AM
PBH101,21,MRB,ST,0800AM0930AM
PBH101,23,SCw,RA,0940AM1110AM
PBH101,31,KLn,MW,1120AM1250PM
PBH101,32,SgD,MW,0100PM0230PM
PBH101,33,SSL1,RA,1120AM1250PM
PBH101,34,NKD,RA,0100PM0230PM
PBH101,35,SSL1,RA,0240PM0410PM
PBH101,39,SD,RA,1120AM1250PM
PBH611,1,DKM,M,0600PM0910PM
PBH611,2,AH1,F,0730AM1030AM
PBH611,3,DKM,F,0730AM1030AM
PBH631,1,Kqz,T,0600PM0910PM
PBH631,2,Ltm,F,0610PM0900PM
PBH642,1,SRM1,S,0600PM0910PM
PBH642,2,DHH,F,1035AM0120PM
PBH642,3,PvA,F,1035AM0120PM
PBH643,1,StR,T,0600PM0910PM
PBH644,1,Nme,S,0600PM0910PM
PBH653,1,NAJ,F,0730AM1030AM
PBH663,1,SzP,W,0600PM0910PM
PBH663,3,Nme,F,0300PM0600PM
PBH671,1,NaA,F,0730AM1030AM
PBH672,1,ThA,F,1035AM0120PM
PBH678,1,AQy,F,0610PM0900PM
PBH681,1,ABy,F,1035AM0120PM
PBH701,1,Mdb,F,1035AM0120PM
PBH701,2,Sho,F,1035AM0120PM
PBH704,1,SGK,F,0730AM1030AM
PBH706,1,NaA,F,1035AM0120PM
PBH711,1,AH1,F,1035AM0120PM
PBH711,2,AH1,F,0300PM0600PM
PBH712,1,DKM,R,0600PM0900PM
PBH713,1,SCw,F,0300PM0600PM
PBH734,1,AQy,F,0300PM0600PM
PBH742,1,AH1,W,0600PM0910PM
PBH742,2,MTI,F,0300PM0600PM
PBH781,1,SjZ,F,0730AM1030AM
PBH781,3,KdI1,M,0600PM0910PM
PBH782,1,MIs,F,0300PM0600PM
PBH842,2,sr,F,0610PM0900PM
PHI101,1,NKz,ST,0940AM1110AM
PHI101,2,NKz,ST,0100PM0230PM
PHI101,3,RAK,ST,0800AM0930AM
PHI101,4,JsU,ST,0800AM0930AM
PHI101,5,JsU,ST,0940AM1110AM
PHI101,6,JsU,ST,0100PM0230PM
PHI101,7,Krl,ST,1120AM1250PM
PHI101,8,Krl,ST,0240PM0410PM
PHI101,10,mtn4,RA,0940AM1110AM
PHI101,11,mtn4,RA,0100PM0230PM
PHI101,12,NSt,ST,0940AM1110AM
PHI101,13,NSt,ST,0100PM0230PM
PHI101,15,dss,RA,1120AM1250PM
PHI104,1,RAK,ST,1120AM1250PM
PHI104,2,RAK,ST,0240PM0410PM
PHI104,3,NKz,MW,0940AM1110AM
PHI104,4,NKz,MW,0100PM0230PM
PHI104,5,MnT,RA,1120AM1250PM
PHI104,6,MnT,RA,0240PM0410PM
PHI104,7,MnT,RA,0420PM0550PM
PHI401,1,Krl,ST,0420PM0550PM
PHI401,2,Shd,RA,0240PM0410PM
PHI401,3,Shd,RA,0420PM0550PM
PHI401,4,afb,RA,0940AM1110AM
PHI401,5,afb,RA,1120AM1250PM
PHI401,7,BAi,RA,1120AM1250PM
PHI401,8,BAi,RA,0100PM0230PM
PHI401,9,KTR,RA,1120AM1250PM
PHI401,10,KTR,RA,0100PM0230PM
PHI401,11,Rdn,RA,0940AM1110AM
PHI401,12,Rdn,RA,1120AM1250PM
PHI401,13,TAS,RA,0100PM0230PM
PHI401,14,TAS,RA,0420PM0550PM
PHI401,15,SaH,RA,0800AM0930AM
PHI401,16,SaH,RA,0940AM1110AM
PHI401,17,SaH,RA,1120AM1250PM
PHI401,18,SsR2,MW,0100PM0230PM
PHI401,19,SsR2,MW,0420PM0550PM
PHI401,21,EfS,RA,0240PM0410PM
PHR5001,1,FrK,T,0700PM1010PM
PHR5001,2,ABp,W,0700PM1010PM
PHR5002,1,Mna,R,0700PM1010PM
PHR5002,2,SMS3,S,0700PM1010PM
PHR5002,3,TBA,W,0700PM1010PM
PHR5003,1,TSk,A,0900AM1200PM
PHR5003,2,TSk,F,0900AM1200PM
PHR5011,1,hhm,M,0700PM1010PM
PHR5011,2,TBA,T,0700PM1010PM
PHR5012,1,Mfl,T,0700PM1010PM
PHR5013,1,MCS,W,0700PM1010PM
PHR5015,2,MSs,R,0700PM1010PM
PHR5022,1,SSH,A,0900AM1200PM
PHR5023,1,TBA,T,0700PM1010PM
PHR5101,1,RRz,A,0300PM0555PM
PHR5101,2,MAR4,S,0700PM1010PM
PHR5108,1,AFr,F,0300PM0600PM
PHR5108,2,MHS3,R,0700PM1010PM
PHR5201,1,HnM,R,0700PM1010PM
PHR5201,2,MAK1,F,0900AM1200PM
PHR5208,1,SeR,M,0700PM1010PM
PHR5208,2,MAK1,W,0700PM1010PM
PHR5209,1,RId,F,0700PM1010PM
PHY107,1,MfR,MW,0940AM1110AM
PHY107,2,MfR,MW,1120AM1250PM
PHY107,3,MfR,MW,0240PM0410PM
PHY107,4,NzM3,ST,0100PM0230PM
PHY107,6,NzM3,MW,0100PM0230PM
PHY107,7,NzM3,MW,0420PM0550PM
PHY107,8,KSd,RA,0800AM0930AM
PHY107,9,Aua,ST,0940AM1110AM
PHY107,10,Aua,ST,0100PM0230PM
PHY107,11,Aua,MW,0940AM1110AM
PHY107,12,Aua,MW,0100PM0230PM
PHY107,13,SAU1,ST,0240PM0410PM
PHY107,14,SAU1,ST,0420PM0550PM
PHY107,15,SAU1,RA,0240PM0410PM
PHY107,16,SAU1,RA,0420PM0550PM
PHY107,17,AK,RA,1120AM1250PM
PHY107,18,KSd,RA,0940AM1110AM
PHY107,20,AMO,RA,0420PM0550PM
PHY107L,1,MfR,S,0800AM1110AM
PHY107L,2,MfR,T,0800AM1110AM
PHY107L,3,MfR,S,1120AM0230PM
PHY107L,4,NzM3,R,1120AM0230PM
PHY107L,5,NzM3,R,0240PM0550PM
PHY107L,6,MfR,S,0240PM0550PM
PHY107L,7,AuZ,M,0240PM0550PM
PHY107L,8,MfR,T,0240PM0550PM
PHY107L,9,SAU1,T,1120AM0230PM
PHY107L,10,SAU1,W,1120AM0230PM
PHY107L,11,SAU1,W,0240PM0550PM
PHY107L,12,AK,R,0800AM1110AM
PHY107L,14,KSd,A,1120AM0230PM
PHY107L,15,KSd,A,0240PM0550PM
PHY108,1,ZUM,ST,0100PM0230PM
PHY108,2,ZUM,MW,0100PM0230PM
PHY108,3,ZUM,MW,0420PM0550PM
PHY108,4,SCG,ST,0800AM0930AM
PHY108,5,SCG,ST,0940AM1110AM
PHY108,6,SCG,MW,0940AM1110AM
PHY108,7,AuZ,ST,0100PM0230PM
PHY108,8,AuZ,ST,0420PM0550PM
PHY108,9,AuZ,MW,0420PM0550PM
PHY108,10,Mdt,RA,0240PM0410PM
PHY108,11,Mdt,RA,0420PM0550PM
PHY108L,2,ZUM,T,0800AM1110AM
PHY108L,3,SCG,S,0240PM0550PM
PHY108L,4,SCG,T,0240PM0550PM
PHY108L,5,SCG,R,0800AM1110AM
PHY108L,6,AuZ,M,1120AM0230PM
PHY108L,7,AuZ,W,1120AM0230PM
PHY108L,8,AuZ,R,1120AM0230PM
PHY108L,9,Mdt,M,0240PM0550PM
PHY108L,10,Mdt,W,0240PM0550PM
POL101,1,EdH,ST,1120AM1250PM
POL101,2,EdH,ST,0240PM0410PM
POL101,3,EdH,MW,1120AM1250PM
POL101,4,EdH,MW,0240PM0410PM
POL101,6,SHr1,ST,0240PM0410PM
POL101,7,MJU,ST,1120AM1250PM
POL101,8,MJU,ST,0240PM0410PM
POL101,9,MJU,MW,1120AM1250PM
POL101,10,MJU,MW,0240PM0410PM
POL101,11,MMB3,MW,0940AM1110AM
POL101,12,MMB3,MW,1120AM1250PM
POL101,13,SR3,ST,0100PM0230PM
POL101,14,SR3,ST,0240PM0410PM
POL101,15,SR3,MW,0100PM0230PM
POL101,16,TfA,RA,0940AM1110AM
POL101,17,TfA,RA,1120AM1250PM
POL101,18,Klm,RA,0940AM1110AM
POL101,20,Aym,RA,0940AM1110AM
POL101,21,Aym,RA,1120AM1250PM
POL101,22,SuA2,RA,0240PM0410PM
POL101,24,SuA2,RA,0940AM1110AM
POL101,25,MAR2,MW,0240PM0410PM
POL101,26,SAR3,RA,0940AM1110AM
POL101,27,SAR3,RA,1120AM1250PM
POL101,28,MR,RA,0240PM0410PM
POL104,1,MR,RA,0100PM0230PM
POL104,3,SLK,ST,1120AM1250PM
POL202,1,Klm,RA,0100PM0230PM
PPG500,1,DF,MW,0240PM0410PM
PPG501,1,RzK,RA,0100PM0230PM
PPG520,1,SmZ,RA,0240PM0410PM
PSY101,1,SFK,RA,0800AM0930AM
PSY101,2,SFK,RA,0940AM1110AM
PSY101,3,SFK,RA,0100PM0230PM
PSY101,4,SFK,RA,0240PM0410PM
PSY101,5,ARK3,RA,1120AM1250PM
PSY101,6,ARK3,RA,0240PM0410PM
PSY101,7,ARK3,RA,0420PM0550PM
PSY101,8,TKs1,RA,0100PM0230PM
PSY101,9,TKs1,RA,0240PM0410PM
PSY101,10,TKs1,RA,0420PM0550PM
PSY101L,1,ARK3,RA,0940AM1110AM
SOC101,2,MHR3,ST,0940AM1110AM
SOC101,3,MHR3,ST,0100PM0230PM
SOC101,4,MHR3,MW,0100PM0230PM
SOC101,5,TZf,ST,0940AM1110AM
SOC101,6,TZf,ST,1120AM1250PM
SOC101,8,MAj,ST,0100PM0230PM
SOC101,9,MAj,ST,0420PM0550PM
SOC101,10,MAj,MW,0800AM0930AM
SOC101,11,MAj,MW,1120AM1250PM
SOC101,12,PbR,ST,0100PM0230PM
SOC101,13,PbR,ST,0420PM0550PM
SOC101,14,PbR,MW,0100PM0230PM
SOC101,15,NN,ST,0940AM1110AM
SOC101,18,TZf,RA,0800AM0930AM
SOC101,19,MzK,RA,0940AM1110AM
SOC101,20,BSq,RA,0100PM0230PM
SOC101,21,NN,ST,0420PM0550PM
SOC101,22,AAA,RA,0240PM0410PM
SOC101,23,AAA,RA,0420PM0550PM
SOC101,26,Fns,MW,0940AM1110AM
SOC201,1,NzM,MW,1120AM1250PM
WMS201,1,PbR,MW,0940AM1110AM
